case_id,category,frame_index,call_tree,function,args_preview,events_preview,is_gt_vuln_function,draft_role,draft_essential,flag_reason,your_role,your_essential,confirm
C10,arithmetic,4,[CALL] 0x89CB99..Bc3c.sync(),sync,,"Sync(: 7548019801980198019 [7.548e18], : 1)",,PREPARATORY,yes,"runs between two exploit calls. Preparatory for the next one, unless it is already taking profit.",,,
C12,arithmetic,25,[CALL] 0xA0b869..eB48.transferFrom(),transferFrom,"0x2100dCd8758aB8B89b9b545A43A1E47e8e2944f0, 0xBA12222222228d",,,PREPARATORY,yes,"runs between two exploit calls. Preparatory for the next one, unless it is already taking profit.",,,
C12,arithmetic,26,[DELEGATECALL] 0xa2327a..bDCF.transferFrom(),transferFrom,"0x2100dCd8758aB8B89b9b545A43A1E47e8e2944f0, 0xBA12222222228d","Transfer(from: 0x2100dCd8758aB8B89b9b545A43A1E47e8e2944f0, t",,PREPARATORY,yes,"runs between two exploit calls. Preparatory for the next one, unless it is already taking profit.",,,
C12,arithmetic,27,[CALL] 0xd093fA..E5de.transfer(),transfer,"0x2100dCd8758aB8B89b9b545A43A1E47e8e2944f0, 970495 [9.704e5]",,,PREPARATORY,yes,"runs between two exploit calls. Preparatory for the next one, unless it is already taking profit.",,,
C12,arithmetic,28,[DELEGATECALL] 0x7B6e13..60D0.transfer(),transfer,"0x2100dCd8758aB8B89b9b545A43A1E47e8e2944f0, 970495 [9.704e5]","Transfer(from: 0xBA12222222228d8Ba445958a75a0704d566BF2C8, t",,PREPARATORY,yes,"runs between two exploit calls. Preparatory for the next one, unless it is already taking profit.",,,
C12,arithmetic,30,[CALL] 0xE39B5e..49d5.querySwap(),querySwap,(0x9210f1204b5a24742eba12f710636d76240df3d000000000000000000,,,PREPARATORY,yes,"runs between two exploit calls. Preparatory for the next one, unless it is already taking profit.",,,
C12,arithmetic,31,[CALL] 0xBA1222..F2C8.queryBatchSwap(),queryBatchSwap,"1, [(0x9210f1204b5a24742eba12f710636d76240df3d00000000000000",,,PREPARATORY,yes,"runs between two exploit calls. Preparatory for the next one, unless it is already taking profit.",,,
C12,arithmetic,32,[CALL] 0xBA1222..F2C8.queryBatchSwap(),queryBatchSwap,"1, [(0x9210f1204b5a24742eba12f710636d76240df3d00000000000000",topic 0: 0x2170c741c41531aec20e7c107c24eecfdd15e69c9bb0a8dd3,,PREPARATORY,yes,"runs between two exploit calls. Preparatory for the next one, unless it is already taking profit.",,,
C12,arithmetic,36,[CALL] 0xE39B5e..49d5.queryBatchSwap(),queryBatchSwap,"0, [(0x9210f1204b5a24742eba12f710636d76240df3d00000000000000",,,PREPARATORY,yes,"runs between two exploit calls. Preparatory for the next one, unless it is already taking profit.",,,
C12,arithmetic,37,[CALL] 0xBA1222..F2C8.queryBatchSwap(),queryBatchSwap,"0, [(0x9210f1204b5a24742eba12f710636d76240df3d00000000000000",,,PREPARATORY,yes,"runs between two exploit calls. Preparatory for the next one, unless it is already taking profit.",,,
C12,arithmetic,38,[CALL] 0xBA1222..F2C8.queryBatchSwap(),queryBatchSwap,"0, [(0x9210f1204b5a24742eba12f710636d76240df3d00000000000000",topic 0: 0x2170c741c41531aec20e7c107c24eecfdd15e69c9bb0a8dd3,,PREPARATORY,yes,"runs between two exploit calls. Preparatory for the next one, unless it is already taking profit.",,,
C12,arithmetic,44,[CALL] 0x9210F1..F3d0.approve(),approve,"0xBA12222222228d8Ba445958a75a0704d566BF2C8, 1157920892373161","Approval(owner: 0x2100dCd8758aB8B89b9b545A43A1E47e8e2944f0, ",,PREPARATORY,yes,"runs between two exploit calls. Preparatory for the next one, unless it is already taking profit.",,,
C12,arithmetic,45,[CALL] 0xBA1222..F2C8.batchSwap(),batchSwap,"0, [(0x9210f1204b5a24742eba12f710636d76240df3d00000000000000",topic 0: 0x2170c741c41531aec20e7c107c24eecfdd15e69c9bb0a8dd3,,PREPARATORY,yes,"runs between two exploit calls. Preparatory for the next one, unless it is already taking profit.",,,
C12,arithmetic,52,[CALL] 0x7B5077..ceb2.onSwap(),onSwap,"(0, 0x9210F1204b5a24742Eba12f710636D76240dF3d0, 0x804CdB9116",TokenRateCacheUpdated(param0: 0x2BBf681cC4eb09218BEe85EA2a5d,,PREPARATORY,yes,"runs between two exploit calls. Preparatory for the next one, unless it is already taking profit.",,,
C12,arithmetic,56,[DELEGATECALL] 0xC6845a..5baf.getReserveNormalizedIncome(),getReserveNormalizedIncome,0xdAC17F958D2ee523a2206206994597C13D831ec7,,,PREPARATORY,yes,"runs between two exploit calls. Preparatory for the next one, unless it is already taking profit.",,,
C12,arithmetic,60,[DELEGATECALL] 0xC6845a..5baf.getReserveNormalizedIncome(),getReserveNormalizedIncome,0x6B175474E89094C44Da98b954EedeAC495271d0F,,,PREPARATORY,yes,"runs between two exploit calls. Preparatory for the next one, unless it is already taking profit.",,,
C12,arithmetic,64,[DELEGATECALL] 0xC6845a..5baf.getReserveNormalizedIncome(),getReserveNormalizedIncome,0xA0b86991c6218b36c1d19D4a2e9Eb0cE3606eB48,,,PREPARATORY,yes,"runs between two exploit calls. Preparatory for the next one, unless it is already taking profit.",,,
C12,arithmetic,65,[CALL] 0x7B5077..ceb2.onSwap(),onSwap,"(0, 0x9210F1204b5a24742Eba12f710636D76240dF3d0, 0x804CdB9116",DueProtocolFeeIncreased(: 161222710398341949 [1.612e17]),,PREPARATORY,yes,"runs between two exploit calls. Preparatory for the next one, unless it is already taking profit.",,,
C12,arithmetic,66,[CALL] 0x7B5077..ceb2.onSwap(),onSwap,"(0, 0x9210F1204b5a24742Eba12f710636D76240dF3d0, 0x2BBf681cC4",DueProtocolFeeIncreased(: 343370832867625898 [3.433e17]),,PREPARATORY,yes,"runs between two exploit calls. Preparatory for the next one, unless it is already taking profit.",,,
C12,arithmetic,73,[CALL] 0xA0b869..eB48.transferFrom(),transferFrom,"0x2100dCd8758aB8B89b9b545A43A1E47e8e2944f0, 0xBA12222222228d",,,PREPARATORY,yes,"runs between two exploit calls. Preparatory for the next one, unless it is already taking profit.",,,
C12,arithmetic,74,[DELEGATECALL] 0xa2327a..bDCF.transferFrom(),transferFrom,"0x2100dCd8758aB8B89b9b545A43A1E47e8e2944f0, 0xBA12222222228d","Transfer(from: 0x2100dCd8758aB8B89b9b545A43A1E47e8e2944f0, t",,PREPARATORY,yes,"runs between two exploit calls. Preparatory for the next one, unless it is already taking profit.",,,
C12,arithmetic,75,[CALL] 0x9210F1..F3d0.transfer(),transfer,"0x2100dCd8758aB8B89b9b545A43A1E47e8e2944f0, 1562805827905201","Transfer(from: 0xBA12222222228d8Ba445958a75a0704d566BF2C8, t",,PREPARATORY,yes,"runs between two exploit calls. Preparatory for the next one, unless it is already taking profit.",,,
C12,arithmetic,76,[CALL] 0x804CdB..bF8f.transfer(),transfer,"0x2100dCd8758aB8B89b9b545A43A1E47e8e2944f0, 1394314832813987","Transfer(from: 0xBA12222222228d8Ba445958a75a0704d566BF2C8, t",,PREPARATORY,yes,"runs between two exploit calls. Preparatory for the next one, unless it is already taking profit.",,,
C12,arithmetic,77,[CALL] 0x2BBf68..fC0C.transfer(),transfer,"0x2100dCd8758aB8B89b9b545A43A1E47e8e2944f0, 2488689057333522","Transfer(from: 0xBA12222222228d8Ba445958a75a0704d566BF2C8, t",,PREPARATORY,yes,"runs between two exploit calls. Preparatory for the next one, unless it is already taking profit.",,,
C12,arithmetic,79,[CALL] 0x804CdB..bF8f.approve(),approve,"0xBA12222222228d8Ba445958a75a0704d566BF2C8, 1157920892373161","Approval(owner: 0x2100dCd8758aB8B89b9b545A43A1E47e8e2944f0, ",,PREPARATORY,yes,"runs between two exploit calls. Preparatory for the next one, unless it is already taking profit.",,,
C12,arithmetic,80,[CALL] 0xBA1222..F2C8.swap(),swap,(0x804cdb9116a10bb78768d3252355a1b18067bf8f00000000000000000,topic 0: 0x2170c741c41531aec20e7c107c24eecfdd15e69c9bb0a8dd3,,PREPARATORY,yes,"runs between two exploit calls. Preparatory for the next one, unless it is already taking profit.",,,
C12,arithmetic,81,[CALL] 0x804CdB..bF8f.onSwap(),onSwap,"(0, 0x804CdB9116a10bB78768D3252355a1b18067bF8f, 0x6B175474E8",,,PREPARATORY,yes,"runs between two exploit calls. Preparatory for the next one, unless it is already taking profit.",,,
C12,arithmetic,83,[DELEGATECALL] 0xC6845a..5baf.getReserveNormalizedIncome(),getReserveNormalizedIncome,0x6B175474E89094C44Da98b954EedeAC495271d0F,,,PREPARATORY,yes,"runs between two exploit calls. Preparatory for the next one, unless it is already taking profit.",,,
C12,arithmetic,84,[CALL] 0x804CdB..bF8f.transferFrom(),transferFrom,"0x2100dCd8758aB8B89b9b545A43A1E47e8e2944f0, 0xBA12222222228d","Transfer(from: 0x2100dCd8758aB8B89b9b545A43A1E47e8e2944f0, t",,PREPARATORY,yes,"runs between two exploit calls. Preparatory for the next one, unless it is already taking profit.",,,
C12,arithmetic,85,[CALL] 0x6B1754..1d0F.transfer(),transfer,"0x2100dCd8758aB8B89b9b545A43A1E47e8e2944f0, 1411274411354436","Transfer(from: 0xBA12222222228d8Ba445958a75a0704d566BF2C8, t",,PREPARATORY,yes,"runs between two exploit calls. Preparatory for the next one, unless it is already taking profit.",,,
C12,arithmetic,87,[CALL] 0x9210F1..F3d0.approve(),approve,"0xBA12222222228d8Ba445958a75a0704d566BF2C8, 1157920892373161","Approval(owner: 0x2100dCd8758aB8B89b9b545A43A1E47e8e2944f0, ",,PREPARATORY,yes,"runs between two exploit calls. Preparatory for the next one, unless it is already taking profit.",,,
C12,arithmetic,88,[CALL] 0xBA1222..F2C8.swap(),swap,(0x9210f1204b5a24742eba12f710636d76240df3d000000000000000000,topic 0: 0x2170c741c41531aec20e7c107c24eecfdd15e69c9bb0a8dd3,,PREPARATORY,yes,"runs between two exploit calls. Preparatory for the next one, unless it is already taking profit.",,,
C15,business_logic,9,[CALL] 0x319Ec3..d0D1.withdrawTokensWithAlt(),withdrawTokensWithAlt,"0xdAC17F958D2ee523a2206206994597C13D831ec7, 0xA8c6E7352b1381",TokenWithdrawn(param0: 0xdAC17F958D2ee523a2206206994597C13D8,,PREPARATORY,yes,"runs between two exploit calls. Preparatory for the next one, unless it is already taking profit.",,,
C15,business_logic,10,[CALL] 0xdAC17F..1ec7.transfer(),transfer,"0xE897C0f9443785F8D4F0FA6e92a81066b3fbFEe2, 1000000 [1e6]","Transfer(from: 0x319Ec3AD98CF8b12a8BE5719FeC6E0a9bb1ad0D1, t",,PREPARATORY,yes,"runs between two exploit calls. Preparatory for the next one, unless it is already taking profit.",,,
C15,business_logic,11,[CALL] 0xA8c6E7..A849.42c59677(),42c59677,000000000000000000000000319ec3ad98cf8b12a8be5719fec6e0a9bb1a,,,PREPARATORY,yes,"runs between two exploit calls. Preparatory for the next one, unless it is already taking profit.",,,
C15,business_logic,13,[CALL] 0x319Ec3..d0D1.withdrawTokens(),withdrawTokens,"0xdAC17F958D2ee523a2206206994597C13D831ec7, 10335882398 [1.0",TokenWithdrawn(param0: 0xdAC17F958D2ee523a2206206994597C13D8,,PREPARATORY,yes,"runs between two exploit calls. Preparatory for the next one, unless it is already taking profit.",,,
C15,business_logic,14,[CALL] 0xdAC17F..1ec7.transfer(),transfer,"0xA8c6E7352b13815f6bFA87c7FFaaA6e3a7BfA849, 10335882398 [1.0","Transfer(from: 0x319Ec3AD98CF8b12a8BE5719FeC6E0a9bb1ad0D1, t",,PREPARATORY,yes,"runs between two exploit calls. Preparatory for the next one, unless it is already taking profit.",,,
C15,business_logic,16,[CALL] 0xdAC17F..1ec7.transfer(),transfer,"0xE897C0f9443785F8D4F0FA6e92a81066b3fbFEe2, 10335882398 [1.0","Transfer(from: 0xA8c6E7352b13815f6bFA87c7FFaaA6e3a7BfA849, t",,PREPARATORY,yes,"runs between two exploit calls. Preparatory for the next one, unless it is already taking profit.",,,
C15,business_logic,18,[DELEGATECALL] 0xa2327a..bDCF.allowance(),allowance,"0xE897C0f9443785F8D4F0FA6e92a81066b3fbFEe2, 0x319Ec3AD98CF8b",,,PREPARATORY,yes,"runs between two exploit calls. Preparatory for the next one, unless it is already taking profit.",,,
C15,business_logic,19,[CALL] 0xA0b869..eB48.approve(),approve,"0x319Ec3AD98CF8b12a8BE5719FeC6E0a9bb1ad0D1, 2000000 [2e6]",,,PREPARATORY,yes,"runs between two exploit calls. Preparatory for the next one, unless it is already taking profit.",,,
C15,business_logic,20,[DELEGATECALL] 0xa2327a..bDCF.approve(),approve,"0x319Ec3AD98CF8b12a8BE5719FeC6E0a9bb1ad0D1, 2000000 [2e6]","Approval(owner: 0xE897C0f9443785F8D4F0FA6e92a81066b3fbFEe2, ",,PREPARATORY,yes,"runs between two exploit calls. Preparatory for the next one, unless it is already taking profit.",,,
C15,business_logic,21,[CALL] 0x319Ec3..d0D1.depositTokens(),depositTokens,"0xA0b86991c6218b36c1d19D4a2e9Eb0cE3606eB48, 2000000 [2e6]",TokenDeposited(param0: 0xA0b86991c6218b36c1d19D4a2e9Eb0cE360,,PREPARATORY,yes,"runs between two exploit calls. Preparatory for the next one, unless it is already taking profit.",,,
C15,business_logic,22,[CALL] 0xA0b869..eB48.transferFrom(),transferFrom,"0xE897C0f9443785F8D4F0FA6e92a81066b3fbFEe2, 0x319Ec3AD98CF8b",,,PREPARATORY,yes,"runs between two exploit calls. Preparatory for the next one, unless it is already taking profit.",,,
C15,business_logic,23,[DELEGATECALL] 0xa2327a..bDCF.transferFrom(),transferFrom,"0xE897C0f9443785F8D4F0FA6e92a81066b3fbFEe2, 0x319Ec3AD98CF8b","Transfer(from: 0xE897C0f9443785F8D4F0FA6e92a81066b3fbFEe2, t",,PREPARATORY,yes,"runs between two exploit calls. Preparatory for the next one, unless it is already taking profit.",,,
C15,business_logic,24,[CALL] 0xA8c6E7..A849.42c59677(),42c59677,000000000000000000000000319ec3ad98cf8b12a8be5719fec6e0a9bb1a,,,PREPARATORY,yes,"runs between two exploit calls. Preparatory for the next one, unless it is already taking profit.",,,
C17,price_oracle_manipulation,7,[STATICCALL] 0xdAC17F..1ec7.balanceOf(),balanceOf,0xd02C260F54997146C9028b2Ac7144b11ce4c20a6,,,PREPARATORY,no,read inside the exploit in a price-manipulation case. If the victim relies on this returned value it is a TRIGGER.,,,
C17,price_oracle_manipulation,8,[STATICCALL] 0xdAC17F..1ec7.allowance(),allowance,"0xd02C260F54997146C9028b2Ac7144b11ce4c20a6, 0xCb6afDc84e8949",,,PREPARATORY,no,read inside the exploit in a price-manipulation case. If the victim relies on this returned value it is a TRIGGER.,,,
C17,price_oracle_manipulation,9,[STATICCALL] 0xdAC17F..1ec7.decimals(),decimals,,,,PREPARATORY,no,read inside the exploit in a price-manipulation case. If the victim relies on this returned value it is a TRIGGER.,,,
C17,price_oracle_manipulation,11,[CALL] 0xCb6afD..a723.totalTokens(),totalTokens,,,,PREPARATORY,yes,"runs between two exploit calls. Preparatory for the next one, unless it is already taking profit.",,,
C17,price_oracle_manipulation,14,[STATICCALL] 0xdAC17F..1ec7.decimals(),decimals,,,,PREPARATORY,no,read inside the exploit in a price-manipulation case. If the victim relies on this returned value it is a TRIGGER.,,,
C18,price_oracle_manipulation,20,[STATICCALL] PRECOMPILES.ecrecover(),ecrecover,0xe138aff9dada42370e22c40d73354fd694cb4e67fabbe5808d6317dc0a,,,PREPARATORY,no,read inside the exploit in a price-manipulation case. If the victim relies on this returned value it is a TRIGGER.,,,
C18,price_oracle_manipulation,21,[DELEGATECALL] 0x4095F0..0077.morphoBorrow(),morphoBorrow,"(0xA0b86991c6218b36c1d19D4a2e9Eb0cE3606eB48, 0x45804880De229",,,PREPARATORY,yes,"runs between two exploit calls. Preparatory for the next one, unless it is already taking profit.",,,
C18,price_oracle_manipulation,24,[STATICCALL] 0xDd1778..1101.price(),price,,,,PREPARATORY,no,read inside the exploit in a price-manipulation case. If the victim relies on this returned value it is a TRIGGER.,,,
C18,price_oracle_manipulation,25,[STATICCALL] 0x7C4561..Ac0c.latestRoundData(),latestRoundData,,,,PREPARATORY,no,read inside the exploit in a price-manipulation case. If the victim relies on this returned value it is a TRIGGER.,,,
C18,price_oracle_manipulation,26,[STATICCALL] 0x4305FB..69C6.getPriceUnsafe(),getPriceUnsafe,0x273717b49430906f4b0c230e99aa1007f83758e3199edbc887c0d06c3e,,,PREPARATORY,no,read inside the exploit in a price-manipulation case. If the victim relies on this returned value it is a TRIGGER.,,,
C18,price_oracle_manipulation,28,[STATICCALL] 0xC57744..488D.latestRoundData(),latestRoundData,,,,PREPARATORY,no,read inside the exploit in a price-manipulation case. If the victim relies on this returned value it is a TRIGGER.,,,
C18,price_oracle_manipulation,29,[STATICCALL] 0x4305FB..69C6.getPriceUnsafe(),getPriceUnsafe,0xeaa020c61cc479712813461ce153894a96a6c00b21ed0cfc2798d1f9a9,,,PREPARATORY,no,read inside the exploit in a price-manipulation case. If the victim relies on this returned value it is a TRIGGER.,,,
C19,price_oracle_manipulation,14,[STATICCALL] 0x5c7257..d1E4.c45a0155(),c45a0155,,,,PREPARATORY,no,read inside the exploit in a price-manipulation case. If the victim relies on this returned value it is a TRIGGER.,,,
C19,price_oracle_manipulation,15,[STATICCALL] 0x5c7257..d1E4.WETH(),WETH,,,,PREPARATORY,no,read inside the exploit in a price-manipulation case. If the victim relies on this returned value it is a TRIGGER.,,,
C19,price_oracle_manipulation,20,[STATICCALL] 0x5c7257..d1E4.c45a0155(),c45a0155,,,,PREPARATORY,no,read inside the exploit in a price-manipulation case. If the victim relies on this returned value it is a TRIGGER.,,,
C19,price_oracle_manipulation,21,[STATICCALL] 0x5c7257..d1E4.WETH(),WETH,,,,PREPARATORY,no,read inside the exploit in a price-manipulation case. If the victim relies on this returned value it is a TRIGGER.,,,
C19,price_oracle_manipulation,26,[STATICCALL] 0x5c7257..d1E4.c45a0155(),c45a0155,,,,PREPARATORY,no,read inside the exploit in a price-manipulation case. If the victim relies on this returned value it is a TRIGGER.,,,
C19,price_oracle_manipulation,27,[STATICCALL] 0x5c7257..d1E4.WETH(),WETH,,,,PREPARATORY,no,read inside the exploit in a price-manipulation case. If the victim relies on this returned value it is a TRIGGER.,,,
C19,price_oracle_manipulation,32,[STATICCALL] 0x5c7257..d1E4.c45a0155(),c45a0155,,,,PREPARATORY,no,read inside the exploit in a price-manipulation case. If the victim relies on this returned value it is a TRIGGER.,,,
C19,price_oracle_manipulation,33,[STATICCALL] 0x5c7257..d1E4.WETH(),WETH,,,,PREPARATORY,no,read inside the exploit in a price-manipulation case. If the victim relies on this returned value it is a TRIGGER.,,,
C21,reentrancy,19,[CALL] 0xf2919D..6FF2.sell(),sell,4313025058290613910965927 [4.313e24],"Transfer(from: 0xed42Cb11b9D03c807ED1ba9c2eD1d3BA5Bf37340, t",,PREPARATORY,yes,"runs between two exploit calls. Preparatory for the next one, unless it is already taking profit.",,,
C21,reentrancy,20,[CALL] 0xed42Cb..7340.receive() value=44113149281907944250,receive,,,,PREPARATORY,yes,"runs between two exploit calls. Preparatory for the next one, unless it is already taking profit.",,,
C21,reentrancy,21,[CALL] 0x985B6B..1BcB.receive() value=1485291221613062095,receive,,,,PREPARATORY,yes,"runs between two exploit calls. Preparatory for the next one, unless it is already taking profit.",,,
C25,token_specific,22,[CALL] 0xb83575..E11B.skim(),skim,0xDb2d869ac23715af204093e933f5EB57F2DC12a9,,,PREPARATORY,yes,"runs between two exploit calls. Preparatory for the next one, unless it is already taking profit.",,,
C25,token_specific,24,[CALL] 0x2d0E64..991F.transfer(),transfer,"0xDb2d869ac23715af204093e933f5EB57F2DC12a9, 1733770910894426","Transfer(from: 0xb835752Feb00c278484c464b697e03b03C53E11B, t",,PREPARATORY,yes,"runs between two exploit calls. Preparatory for the next one, unless it is already taking profit.",,,
C25,token_specific,26,[CALL] 0xC02aaA..6Cc2.transfer(),transfer,"0xDb2d869ac23715af204093e933f5EB57F2DC12a9, 0","Transfer(from: 0xb835752Feb00c278484c464b697e03b03C53E11B, t",,PREPARATORY,yes,"runs between two exploit calls. Preparatory for the next one, unless it is already taking profit.",,,
C26,token_specific,13,[CALL] 0x509090..82D1.call(),call,"8000000000000000000 [8e18], 1000000000000 [1e12], 9900000000",,,PREPARATORY,yes,"runs between two exploit calls. Preparatory for the next one, unless it is already taking profit.",,,
C26,token_specific,14,[CALL] 0xb4B843..9520.swap(),swap,"8000000000000000000 [8e18], 1000000000000 [1e12], 0x5090906F","Sync(: 1453031216447006008 [1.453e18], : 347268423609734 [3.",,PREPARATORY,yes,"runs between two exploit calls. Preparatory for the next one, unless it is already taking profit.",,,
C26,token_specific,15,[CALL] 0xbb4CdB..095c.transfer(),transfer,"0x5090906Fe938Ce8F0746eC46D482658bEBcb82D1, 8000000000000000","Transfer(from: 0xb4B84375Ae9bb94d19F416D3db553827Be349520, t",,PREPARATORY,yes,"runs between two exploit calls. Preparatory for the next one, unless it is already taking profit.",,,
C26,token_specific,16,[CALL] 0xc54AAe..3039.transfer(),transfer,"0x5090906Fe938Ce8F0746eC46D482658bEBcb82D1, 1000000000000 [1","Transfer(from: 0xb4B84375Ae9bb94d19F416D3db553827Be349520, t",,PREPARATORY,yes,"runs between two exploit calls. Preparatory for the next one, unless it is already taking profit.",,,
C26,token_specific,17,[CALL] 0x509090..82D1.pancakeCall(),pancakeCall,"0x5090906Fe938Ce8F0746eC46D482658bEBcb82D1, 8000000000000000",,,PREPARATORY,yes,"runs between two exploit calls. Preparatory for the next one, unless it is already taking profit.",,,
