case_id,category,frame_index,depth,call_tree,kind,function,args_preview,events_preview,role,essential
C03,access_control,1,0,[CREATE] 0x4985DB..7238.new <unknown>(),CREATE,new <unknown>,,,,
C03,access_control,2,1,[STATICCALL] 0x9A1aEF..2a54.balanceOf(),STATICCALL,balanceOf,0x6a8C4448763C08aDEb80ADEbF7A29b9477Fa0628,,,
C03,access_control,3,1,[CALL] 0x9A1aEF..2a54.mint(),CALL,mint,"0x4985DB6Fa42F6a30Ea7D20CB19591A0552C67238, 14696590020218995139634880","Transfer(from: 0x0000000000000000000000000000000000000000, to: 0x4985D",,
C03,access_control,4,1,[STATICCALL] 0x9A1aEF..2a54.balanceOf(),STATICCALL,balanceOf,0x4985DB6Fa42F6a30Ea7D20CB19591A0552C67238,,,
C03,access_control,5,1,[CALL] 0x9A1aEF..2a54.approve(),CALL,approve,"0x10ED43C718714eb63d5aA57B78B54704E256024E, 14696590020218995139634880","Approval(owner: 0x4985DB6Fa42F6a30Ea7D20CB19591A0552C67238, spender: 0",,
C03,access_control,6,1,[CALL] 0x10ED43..024E.swapExactTokensForTokensSupportingFeeOnTransferTokens(),CALL,swapExactTokensForTokensSupportingFeeOnTransferTokens,"146965900202189951396348800 [1.469e26], 0, [0x9A1aEF8C9ADA4224aD774aFd",,,
C03,access_control,7,2,[CALL] 0x9A1aEF..2a54.transferFrom(),CALL,transferFrom,"0x4985DB6Fa42F6a30Ea7D20CB19591A0552C67238, 0x6a8C4448763C08aDEb80ADEb","Transfer(from: 0x4985DB6Fa42F6a30Ea7D20CB19591A0552C67238, to: 0x6a8C4",,
C03,access_control,8,2,[STATICCALL] 0x55d398..7955.balanceOf(),STATICCALL,balanceOf,0x9bf2c7C21f3C488A1855Dcd49158841C23e5c35b,,,
C03,access_control,9,2,[STATICCALL] 0x6a8C44..0628.getReserves(),STATICCALL,getReserves,,,,
C03,access_control,10,2,[STATICCALL] 0x9A1aEF..2a54.balanceOf(),STATICCALL,balanceOf,0x6a8C4448763C08aDEb80ADEbF7A29b9477Fa0628,,,
C03,access_control,11,2,[CALL] 0x6a8C44..0628.swap(),CALL,swap,"90488670389646322334139 [9.048e22], 0, 0x9bf2c7C21f3C488A1855Dcd491588","Sync(: 1814309180744788417728 [1.814e21], : 14990521820623375042427577",,
C03,access_control,12,3,[CALL] 0x55d398..7955.transfer(),CALL,transfer,"0x9bf2c7C21f3C488A1855Dcd49158841C23e5c35b, 90488670389646322334139 [9","Transfer(from: 0x6a8C4448763C08aDEb80ADEbF7A29b9477Fa0628, to: 0x9bf2c",,
C03,access_control,13,3,[STATICCALL] 0x55d398..7955.balanceOf(),STATICCALL,balanceOf,0x6a8C4448763C08aDEb80ADEbF7A29b9477Fa0628,,,
C03,access_control,14,3,[STATICCALL] 0x9A1aEF..2a54.balanceOf(),STATICCALL,balanceOf,0x6a8C4448763C08aDEb80ADEbF7A29b9477Fa0628,,,
C03,access_control,15,2,[STATICCALL] 0x55d398..7955.balanceOf(),STATICCALL,balanceOf,0x9bf2c7C21f3C488A1855Dcd49158841C23e5c35b,,,
C06,arbitrary_external_call,1,0,[CALL] 0x65c210..1F06.performOperations(),CALL,performOperations,"[30], [0], [0x000000000000000000000000b05cabcd99cf9a73b19805edefc5f67c",,,
C06,arbitrary_external_call,2,1,[DELEGATECALL] 0x45e15d..148B.performOperations(),DELEGATECALL,performOperations,"[30], [0], [0x000000000000000000000000b05cabcd99cf9a73b19805edefc5f67c",,,
C06,arbitrary_external_call,3,2,[CALL] 0xB05cAB..895E.transferFrom(),CALL,transferFrom,"0x9CBF099ff424979439dFBa03F00B5961784c06ce, 0x94641c01a4937f2C8eF93058","Transfer(from: 0x9CBF099ff424979439dFBa03F00B5961784c06ce, to: 0x94641",,
C09,arithmetic,1,0,[CALL] 0x897679..A9EE.74a97af6(),CALL,74a97af6,0000000000000000000000000000000000000000000000000000000000000080000000,,,
C09,arithmetic,2,1,[CALL] 0x2D85F5..13c5.74a97af6(),CALL,74a97af6,0000000000000000000000000000000000000000000000000000000000000080000000,,,
C09,arithmetic,3,2,[CALL] 0xB3FB1D..85dE.withdraw(),CALL,withdraw,8792873290680252648282 [8.792e21],"Withdrawn(param0: 0x2D85F5C295760b0AFe0b271b94254a8c58B513c5, param1: ",,
C09,arithmetic,4,3,[CALL] 0xB1BbeE..D042.transfer(),CALL,transfer,"0x2D85F5C295760b0AFe0b271b94254a8c58B513c5, 8792873290680252648282 [8.","Transfer(from: 0xB3FB1D01B07A706736Ca175f827e4F56021b85dE, to: 0x2D85F",,
C16,business_logic,1,0,[CALL] 0xeBC291..Bf99.863df8af(),CALL,863df8af,,,,
C16,business_logic,2,1,[CALL] 0x6B1754..1d0F.decimals(),CALL,decimals,,,,
C16,business_logic,3,1,[CALL] 0x6B1754..1d0F.decimals(),CALL,decimals,,,,
C16,business_logic,4,1,[STATICCALL] 0x6B1754..1d0F.balanceOf(),STATICCALL,balanceOf,0x27182842E098f60e3D576794A5bFFb0777E025d3,,,
C16,business_logic,5,1,[CALL] 0x7d2768..c7A9.flashLoan(),CALL,flashLoan,"0xeBC29199C817Dc47BA12E3F86102564D640CBf99, [0x6B175474E89094C44Da98b9",,,
C16,business_logic,6,2,[DELEGATECALL] 0xC6845a..5baf.flashLoan(),DELEGATECALL,flashLoan,"0xeBC29199C817Dc47BA12E3F86102564D640CBf99, [0x6B175474E89094C44Da98b9","ReserveDataUpdated(param0: 0x6B175474E89094C44Da98b954EedeAC495271d0F,",,
C16,business_logic,7,3,[CALL] 0x028171..68A3.transferUnderlyingTo(),CALL,transferUnderlyingTo,"0xeBC29199C817Dc47BA12E3F86102564D640CBf99, 30000000000000000000000000",,,
C16,business_logic,8,4,[DELEGATECALL] 0x7b2a3C..7bD0.transferUnderlyingTo(),DELEGATECALL,transferUnderlyingTo,"0xeBC29199C817Dc47BA12E3F86102564D640CBf99, 30000000000000000000000000",,,
C16,business_logic,9,5,[CALL] 0x6B1754..1d0F.transfer(),CALL,transfer,"0xeBC29199C817Dc47BA12E3F86102564D640CBf99, 30000000000000000000000000","Transfer(from: 0x028171bCA77440897B824Ca71D1c56caC55b68A3, to: 0xeBC29",,
C16,business_logic,10,3,[CALL] 0xeBC291..Bf99.executeOperation(),CALL,executeOperation,"[0x6B175474E89094C44Da98b954EedeAC495271d0F], [30000000000000000000000",,,
C16,business_logic,11,4,[CALL] 0x6B1754..1d0F.approve(),CALL,approve,"0x7d2768dE32b0b80b7a3454c06BdAc94A69DDc7A9, 11579208923731619542357098","Approval(owner: 0xeBC29199C817Dc47BA12E3F86102564D640CBf99, spender: 0",,
C16,business_logic,12,4,[CREATE] 0x583c21..6c72.new <unknown>(),CREATE,new <unknown>,,,,
C16,business_logic,13,5,[CREATE] 0xA0b3ee..f12b.new <unknown>(),CREATE,new <unknown>,,,,
C16,business_logic,14,4,[CALL] 0x6B1754..1d0F.transfer(),CALL,transfer,"0x583c21631c48D442B5C0E605d624f54A0B366c72, 30000000000000000000000000","Transfer(from: 0xeBC29199C817Dc47BA12E3F86102564D640CBf99, to: 0x583c2",,
C16,business_logic,15,4,[CALL] 0x583c21..6c72.9f443549(),CALL,9f443549,000000000000000000000000ebc29199c817dc47ba12e3f86102564d640cbf99000000,,,
C16,business_logic,16,5,[CALL] 0x6B1754..1d0F.decimals(),CALL,decimals,,,,
C16,business_logic,17,5,[STATICCALL] 0x6B1754..1d0F.balanceOf(),STATICCALL,balanceOf,0x583c21631c48D442B5C0E605d624f54A0B366c72,,,
C16,business_logic,18,5,[CALL] 0x6B1754..1d0F.decimals(),CALL,decimals,,,,
C16,business_logic,19,5,[CALL] 0x6B1754..1d0F.approve(),CALL,approve,"0x27182842E098f60e3D576794A5bFFb0777E025d3, 11579208923731619542357098","Approval(owner: 0x583c21631c48D442B5C0E605d624f54A0B366c72, spender: 0",,
C16,business_logic,20,5,[CALL] 0x6B1754..1d0F.decimals(),CALL,decimals,,,,
C16,business_logic,21,5,[CALL] 0xe025E3..D9DC.deposit(),CALL,deposit,"0, 20000000000000000000000000 [2e25]",,,
C16,business_logic,22,6,[CALL] 0x271828..25d3.e9c4a3ac(),CALL,e9c4a3ac,e2bbb15800000000000000000000000000000000000000000000000000000000000000,,,
C16,business_logic,23,7,[DELEGATECALL] 0xbb0D4b..4c0a.e2bbb158(),DELEGATECALL,e2bbb158,0000000000000000000000000000000000000000000000000000000000000000000000,"RequestDeposit(param0: 0x583c21631c48D442B5C0E605d624f54A0B366c72, par",,
C16,business_logic,24,8,[STATICCALL] 0x6B1754..1d0F.balanceOf(),STATICCALL,balanceOf,0x27182842E098f60e3D576794A5bFFb0777E025d3,,,
C16,business_logic,25,8,[CALL] 0x6B1754..1d0F.transferFrom(),CALL,transferFrom,"0x583c21631c48D442B5C0E605d624f54A0B366c72, 0x27182842E098f60e3D576794","Transfer(from: 0x583c21631c48D442B5C0E605d624f54A0B366c72, to: 0x27182",,
C16,business_logic,26,8,[STATICCALL] 0x6B1754..1d0F.balanceOf(),STATICCALL,balanceOf,0x27182842E098f60e3D576794A5bFFb0777E025d3,,,
C16,business_logic,27,8,[DELEGATECALL] 0x42ec0e..eE89.computeInterestRate(),DELEGATECALL,computeInterestRate,"0x6B175474E89094C44Da98b954EedeAC495271d0F, 373591832 [3.735e8]",,,
C16,business_logic,28,8,[CALL] 0xe025E3..D9DC.03ddf252(),CALL,03ddf252,ad1be2c89b69c2b068fc378daa952ba7f163c4a11628f55a4df523b3ef000000000000,"Transfer(from: 0x0000000000000000000000000000000000000000, to: 0x583c2",,
C16,business_logic,29,5,[CALL] 0x6B1754..1d0F.decimals(),CALL,decimals,,,,
C16,business_logic,30,5,[CALL] 0xe025E3..D9DC.mint(),CALL,mint,"0, 200000000000000000000000000 [2e26]",,,
C16,business_logic,31,6,[CALL] 0x271828..25d3.e9c4a3ac(),CALL,e9c4a3ac,1b2ef1ca00000000000000000000000000000000000000000000000000000000000000,,,
C16,business_logic,32,7,[DELEGATECALL] 0xbb0D4b..4c0a.1b2ef1ca(),DELEGATECALL,1b2ef1ca,0000000000000000000000000000000000000000000000000000000000000000000000,"RequestMint(param0: 0x583c21631c48D442B5C0E605d624f54A0B366c72, param1",,
C16,business_logic,33,8,[STATICCALL] 0x6B1754..1d0F.balanceOf(),STATICCALL,balanceOf,0x27182842E098f60e3D576794A5bFFb0777E025d3,,,
C16,business_logic,34,8,[DELEGATECALL] 0x42ec0e..eE89.computeInterestRate(),DELEGATECALL,computeInterestRate,"0x6B175474E89094C44Da98b954EedeAC495271d0F, 373591832 [3.735e8]",,,
C16,business_logic,35,8,[CALL] 0xe025E3..D9DC.03ddf252(),CALL,03ddf252,ad1be2c89b69c2b068fc378daa952ba7f163c4a11628f55a4df523b3ef000000000000,"Transfer(from: 0x0000000000000000000000000000000000000000, to: 0x583c2",,
C16,business_logic,36,8,[DELEGATECALL] 0x42ec0e..eE89.computeInterestRate(),DELEGATECALL,computeInterestRate,"0x6B175474E89094C44Da98b954EedeAC495271d0F, 3759074833 [3.759e9]",,,
C16,business_logic,37,8,[CALL] 0x6085Bc..4686.03ddf252(),CALL,03ddf252,ad1be2c89b69c2b068fc378daa952ba7f163c4a11628f55a4df523b3ef000000000000,"Transfer(from: 0x0000000000000000000000000000000000000000, to: 0x583c2",,
C16,business_logic,38,8,[DELEGATECALL] 0x3297c8..31a6.requireLiquidity(),DELEGATECALL,requireLiquidity,0x583c21631c48D442B5C0E605d624f54A0B366c72,,,
C16,business_logic,39,9,[STATICCALL] 0x6B1754..1d0F.balanceOf(),STATICCALL,balanceOf,0x27182842E098f60e3D576794A5bFFb0777E025d3,,,
C16,business_logic,40,9,[STATICCALL] 0x773616..F1f4.latestAnswer(),STATICCALL,latestAnswer,,,,
C16,business_logic,41,10,[STATICCALL] 0x158228..33FC.latestAnswer(),STATICCALL,latestAnswer,,,,
C16,business_logic,42,5,[CALL] 0x6B1754..1d0F.decimals(),CALL,decimals,,,,
C16,business_logic,43,5,[CALL] 0x6085Bc..4686.repay(),CALL,repay,"0, 10000000000000000000000000 [1e25]",,,
C16,business_logic,44,6,[CALL] 0x271828..25d3.e9c4a3ac(),CALL,e9c4a3ac,d8aed14500000000000000000000000000000000000000000000000000000000000000,,,
C16,business_logic,45,7,[DELEGATECALL] 0x29DaDd..FF79.d8aed145(),DELEGATECALL,d8aed145,0000000000000000000000000000000000000000000000000000000000000000000000,"RequestRepay(param0: 0x583c21631c48D442B5C0E605d624f54A0B366c72, param",,
C16,business_logic,46,8,[STATICCALL] 0x6B1754..1d0F.balanceOf(),STATICCALL,balanceOf,0x27182842E098f60e3D576794A5bFFb0777E025d3,,,
C16,business_logic,47,8,[CALL] 0x6B1754..1d0F.transferFrom(),CALL,transferFrom,"0x583c21631c48D442B5C0E605d624f54A0B366c72, 0x27182842E098f60e3D576794","Transfer(from: 0x583c21631c48D442B5C0E605d624f54A0B366c72, to: 0x27182",,
C16,business_logic,48,8,[STATICCALL] 0x6B1754..1d0F.balanceOf(),STATICCALL,balanceOf,0x27182842E098f60e3D576794A5bFFb0777E025d3,,,
C16,business_logic,49,8,[DELEGATECALL] 0x42ec0e..eE89.computeInterestRate(),DELEGATECALL,computeInterestRate,"0x6B175474E89094C44Da98b954EedeAC495271d0F, 3573673832 [3.573e9]",,,
C16,business_logic,50,8,[CALL] 0x6085Bc..4686.03ddf252(),CALL,03ddf252,ad1be2c89b69c2b068fc378daa952ba7f163c4a11628f55a4df523b3ef000000000000,"Transfer(from: 0x583c21631c48D442B5C0E605d624f54A0B366c72, to: 0x00000",,
C16,business_logic,51,5,[CALL] 0x6B1754..1d0F.decimals(),CALL,decimals,,,,
C16,business_logic,52,5,[CALL] 0xe025E3..D9DC.mint(),CALL,mint,"0, 200000000000000000000000000 [2e26]",,,
C16,business_logic,53,6,[CALL] 0x271828..25d3.e9c4a3ac(),CALL,e9c4a3ac,1b2ef1ca00000000000000000000000000000000000000000000000000000000000000,,,
C16,business_logic,54,7,[DELEGATECALL] 0xbb0D4b..4c0a.1b2ef1ca(),DELEGATECALL,1b2ef1ca,0000000000000000000000000000000000000000000000000000000000000000000000,"RequestMint(param0: 0x583c21631c48D442B5C0E605d624f54A0B366c72, param1",,
C16,business_logic,55,8,[STATICCALL] 0x6B1754..1d0F.balanceOf(),STATICCALL,balanceOf,0x27182842E098f60e3D576794A5bFFb0777E025d3,,,
C16,business_logic,56,8,[DELEGATECALL] 0x42ec0e..eE89.computeInterestRate(),DELEGATECALL,computeInterestRate,"0x6B175474E89094C44Da98b954EedeAC495271d0F, 3573673832 [3.573e9]",,,
C16,business_logic,57,8,[CALL] 0xe025E3..D9DC.03ddf252(),CALL,03ddf252,ad1be2c89b69c2b068fc378daa952ba7f163c4a11628f55a4df523b3ef000000000000,"Transfer(from: 0x0000000000000000000000000000000000000000, to: 0x583c2",,
C16,business_logic,58,8,[DELEGATECALL] 0x42ec0e..eE89.computeInterestRate(),DELEGATECALL,computeInterestRate,"0x6B175474E89094C44Da98b954EedeAC495271d0F, 3907870363 [3.907e9]",,,
C16,business_logic,59,8,[CALL] 0x6085Bc..4686.03ddf252(),CALL,03ddf252,ad1be2c89b69c2b068fc378daa952ba7f163c4a11628f55a4df523b3ef000000000000,"Transfer(from: 0x0000000000000000000000000000000000000000, to: 0x583c2",,
C16,business_logic,60,8,[DELEGATECALL] 0x3297c8..31a6.requireLiquidity(),DELEGATECALL,requireLiquidity,0x583c21631c48D442B5C0E605d624f54A0B366c72,,,
C16,business_logic,61,9,[STATICCALL] 0x6B1754..1d0F.balanceOf(),STATICCALL,balanceOf,0x27182842E098f60e3D576794A5bFFb0777E025d3,,,
C16,business_logic,62,9,[STATICCALL] 0x773616..F1f4.latestAnswer(),STATICCALL,latestAnswer,,,,
C16,business_logic,63,10,[STATICCALL] 0x158228..33FC.latestAnswer(),STATICCALL,latestAnswer,,,,
C16,business_logic,64,5,[CALL] 0xe025E3..D9DC.donateToReserves(),CALL,donateToReserves,"0, 100000000000000000000000000 [1e26]",,,
C16,business_logic,65,6,[CALL] 0x271828..25d3.e9c4a3ac(),CALL,e9c4a3ac,36f022aa00000000000000000000000000000000000000000000000000000000000000,,,
C16,business_logic,66,7,[DELEGATECALL] 0xbb0D4b..4c0a.36f022aa(),DELEGATECALL,36f022aa,0000000000000000000000000000000000000000000000000000000000000000000000,"RequestDonate(param0: 0x583c21631c48D442B5C0E605d624f54A0B366c72, para",,
C16,business_logic,67,8,[STATICCALL] 0x6B1754..1d0F.balanceOf(),STATICCALL,balanceOf,0x27182842E098f60e3D576794A5bFFb0777E025d3,,,
C16,business_logic,68,8,[CALL] 0xe025E3..D9DC.03ddf252(),CALL,03ddf252,ad1be2c89b69c2b068fc378daa952ba7f163c4a11628f55a4df523b3ef000000000000,"Transfer(from: 0x583c21631c48D442B5C0E605d624f54A0B366c72, to: 0x00000",,
C16,business_logic,69,5,[CALL] 0xA0b3ee..f12b.a515d3c6(),CALL,a515d3c6,000000000000000000000000ebc29199c817dc47ba12e3f86102564d640cbf99000000,,,
C16,business_logic,70,6,[CALL] 0xf43ce1..5b34.checkLiquidation(),CALL,checkLiquidation,"0xA0b3ee897f233F385E5D61086c32685257d4f12b, 0x583c21631c48D442B5C0E605",,,
C16,business_logic,71,7,[CALL] 0x271828..25d3.e9c4a3ac(),CALL,e9c4a3ac,1a96d9d5000000000000000000000000a0b3ee897f233f385e5d61086c32685257d4f1,,,
C16,business_logic,72,8,[DELEGATECALL] 0xd737eE..eD98.1a96d9d5(),DELEGATECALL,1a96d9d5,000000000000000000000000a0b3ee897f233f385e5d61086c32685257d4f12b000000,,,
C16,business_logic,73,9,[DELEGATECALL] 0x3297c8..31a6.getPrice(),DELEGATECALL,getPrice,0x6B175474E89094C44Da98b954EedeAC495271d0F,,,
C16,business_logic,74,10,[STATICCALL] 0x6B1754..1d0F.balanceOf(),STATICCALL,balanceOf,0x27182842E098f60e3D576794A5bFFb0777E025d3,,,
C16,business_logic,75,10,[STATICCALL] 0x773616..F1f4.latestAnswer(),STATICCALL,latestAnswer,,,,
C16,business_logic,76,11,[STATICCALL] 0x158228..33FC.latestAnswer(),STATICCALL,latestAnswer,,,,
C16,business_logic,77,9,[DELEGATECALL] 0x3297c8..31a6.getPrice(),DELEGATECALL,getPrice,0x6B175474E89094C44Da98b954EedeAC495271d0F,,,
C16,business_logic,78,10,[STATICCALL] 0x6B1754..1d0F.balanceOf(),STATICCALL,balanceOf,0x27182842E098f60e3D576794A5bFFb0777E025d3,,,
C16,business_logic,79,10,[STATICCALL] 0x773616..F1f4.latestAnswer(),STATICCALL,latestAnswer,,,,
C16,business_logic,80,11,[STATICCALL] 0x158228..33FC.latestAnswer(),STATICCALL,latestAnswer,,,,
C16,business_logic,81,9,[STATICCALL] 0x6B1754..1d0F.balanceOf(),STATICCALL,balanceOf,0x27182842E098f60e3D576794A5bFFb0777E025d3,,,
C16,business_logic,82,9,[STATICCALL] 0x6B1754..1d0F.balanceOf(),STATICCALL,balanceOf,0x27182842E098f60e3D576794A5bFFb0777E025d3,,,
C16,business_logic,83,9,[DELEGATECALL] 0x3297c8..31a6.computeLiquidity(),DELEGATECALL,computeLiquidity,0x583c21631c48D442B5C0E605d624f54A0B366c72,,,
C16,business_logic,84,10,[STATICCALL] 0x6B1754..1d0F.balanceOf(),STATICCALL,balanceOf,0x27182842E098f60e3D576794A5bFFb0777E025d3,,,
C16,business_logic,85,10,[STATICCALL] 0x773616..F1f4.latestAnswer(),STATICCALL,latestAnswer,,,,
C16,business_logic,86,11,[STATICCALL] 0x158228..33FC.latestAnswer(),STATICCALL,latestAnswer,,,,
C16,business_logic,87,6,[CALL] 0xf43ce1..5b34.liquidate(),CALL,liquidate,"0x583c21631c48D442B5C0E605d624f54A0B366c72, 0x6B175474E89094C44Da98b95",,,
C16,business_logic,88,7,[CALL] 0x271828..25d3.e9c4a3ac(),CALL,e9c4a3ac,6f70e66f000000000000000000000000583c21631c48d442b5c0e605d624f54a0b366c,,,
C16,business_logic,89,8,[DELEGATECALL] 0xd737eE..eD98.6f70e66f(),DELEGATECALL,6f70e66f,000000000000000000000000583c21631c48d442b5c0e605d624f54a0b366c72000000,topic 0: 0x258be119f0bb402a931bfc28de6236747c14f2a56e87e9e7fe5151976b6,,
C16,business_logic,90,9,[DELEGATECALL] 0x3297c8..31a6.getPrice(),DELEGATECALL,getPrice,0x6B175474E89094C44Da98b954EedeAC495271d0F,,,
C16,business_logic,91,10,[STATICCALL] 0x6B1754..1d0F.balanceOf(),STATICCALL,balanceOf,0x27182842E098f60e3D576794A5bFFb0777E025d3,,,
C16,business_logic,92,10,[STATICCALL] 0x773616..F1f4.latestAnswer(),STATICCALL,latestAnswer,,,,
C16,business_logic,93,11,[STATICCALL] 0x158228..33FC.latestAnswer(),STATICCALL,latestAnswer,,,,
C16,business_logic,94,9,[DELEGATECALL] 0x3297c8..31a6.getPrice(),DELEGATECALL,getPrice,0x6B175474E89094C44Da98b954EedeAC495271d0F,,,
C16,business_logic,95,10,[STATICCALL] 0x6B1754..1d0F.balanceOf(),STATICCALL,balanceOf,0x27182842E098f60e3D576794A5bFFb0777E025d3,,,
C16,business_logic,96,10,[STATICCALL] 0x773616..F1f4.latestAnswer(),STATICCALL,latestAnswer,,,,
C16,business_logic,97,11,[STATICCALL] 0x158228..33FC.latestAnswer(),STATICCALL,latestAnswer,,,,
C16,business_logic,98,9,[STATICCALL] 0x6B1754..1d0F.balanceOf(),STATICCALL,balanceOf,0x27182842E098f60e3D576794A5bFFb0777E025d3,,,
C16,business_logic,99,9,[STATICCALL] 0x6B1754..1d0F.balanceOf(),STATICCALL,balanceOf,0x27182842E098f60e3D576794A5bFFb0777E025d3,,,
C16,business_logic,100,9,[DELEGATECALL] 0x3297c8..31a6.computeLiquidity(),DELEGATECALL,computeLiquidity,0x583c21631c48D442B5C0E605d624f54A0B366c72,,,
C16,business_logic,101,10,[STATICCALL] 0x6B1754..1d0F.balanceOf(),STATICCALL,balanceOf,0x27182842E098f60e3D576794A5bFFb0777E025d3,,,
C16,business_logic,102,10,[STATICCALL] 0x773616..F1f4.latestAnswer(),STATICCALL,latestAnswer,,,,
C16,business_logic,103,11,[STATICCALL] 0x158228..33FC.latestAnswer(),STATICCALL,latestAnswer,,,,
C16,business_logic,104,9,[STATICCALL] 0x6B1754..1d0F.balanceOf(),STATICCALL,balanceOf,0x27182842E098f60e3D576794A5bFFb0777E025d3,,,
C16,business_logic,105,9,[CALL] 0x6085Bc..4686.03ddf252(),CALL,03ddf252,ad1be2c89b69c2b068fc378daa952ba7f163c4a11628f55a4df523b3ef000000000000,"Transfer(from: 0x583c21631c48D442B5C0E605d624f54A0B366c72, to: 0x00000",,
C16,business_logic,106,9,[CALL] 0x6085Bc..4686.03ddf252(),CALL,03ddf252,ad1be2c89b69c2b068fc378daa952ba7f163c4a11628f55a4df523b3ef000000000000,"Transfer(from: 0x0000000000000000000000000000000000000000, to: 0xA0b3e",,
C16,business_logic,107,9,[DELEGATECALL] 0x42ec0e..eE89.computeInterestRate(),DELEGATECALL,computeInterestRate,"0x6B175474E89094C44Da98b954EedeAC495271d0F, 3912377058 [3.912e9]",,,
C16,business_logic,108,9,[CALL] 0x6085Bc..4686.03ddf252(),CALL,03ddf252,ad1be2c89b69c2b068fc378daa952ba7f163c4a11628f55a4df523b3ef000000000000,"Transfer(from: 0x0000000000000000000000000000000000000000, to: 0xA0b3e",,
C16,business_logic,109,9,[STATICCALL] 0x6B1754..1d0F.balanceOf(),STATICCALL,balanceOf,0x27182842E098f60e3D576794A5bFFb0777E025d3,,,
C16,business_logic,110,9,[CALL] 0xe025E3..D9DC.03ddf252(),CALL,03ddf252,ad1be2c89b69c2b068fc378daa952ba7f163c4a11628f55a4df523b3ef000000000000,"Transfer(from: 0x583c21631c48D442B5C0E605d624f54A0B366c72, to: 0xA0b3e",,
C16,business_logic,111,9,[DELEGATECALL] 0x3297c8..31a6.requireLiquidity(),DELEGATECALL,requireLiquidity,0xA0b3ee897f233F385E5D61086c32685257d4f12b,,,
C16,business_logic,112,10,[STATICCALL] 0x6B1754..1d0F.balanceOf(),STATICCALL,balanceOf,0x27182842E098f60e3D576794A5bFFb0777E025d3,,,
C16,business_logic,113,10,[STATICCALL] 0x773616..F1f4.latestAnswer(),STATICCALL,latestAnswer,,,,
C16,business_logic,114,11,[STATICCALL] 0x158228..33FC.latestAnswer(),STATICCALL,latestAnswer,,,,
C16,business_logic,115,6,[CALL] 0x6B1754..1d0F.decimals(),CALL,decimals,,,,
C16,business_logic,116,6,[STATICCALL] 0x6B1754..1d0F.balanceOf(),STATICCALL,balanceOf,0x27182842E098f60e3D576794A5bFFb0777E025d3,,,
C16,business_logic,117,6,[CALL] 0xe025E3..D9DC.withdraw(),CALL,withdraw,"0, 38904507348306697267428294 [3.89e25]",,,
C16,business_logic,118,7,[CALL] 0x271828..25d3.e9c4a3ac(),CALL,e9c4a3ac,441a3e7000000000000000000000000000000000000000000000000000000000000000,,,
C16,business_logic,119,8,[DELEGATECALL] 0xbb0D4b..4c0a.441a3e70(),DELEGATECALL,441a3e70,0000000000000000000000000000000000000000000000000000000000000000000000,"RequestWithdraw(param0: 0xA0b3ee897f233F385E5D61086c32685257d4f12b, pa",,
C16,business_logic,120,9,[STATICCALL] 0x6B1754..1d0F.balanceOf(),STATICCALL,balanceOf,0x27182842E098f60e3D576794A5bFFb0777E025d3,,,
C16,business_logic,121,9,[CALL] 0x6B1754..1d0F.transfer(),CALL,transfer,"0xA0b3ee897f233F385E5D61086c32685257d4f12b, 38904507348306697267428294","Transfer(from: 0x27182842E098f60e3D576794A5bFFb0777E025d3, to: 0xA0b3e",,
C16,business_logic,122,9,[STATICCALL] 0x6B1754..1d0F.balanceOf(),STATICCALL,balanceOf,0x27182842E098f60e3D576794A5bFFb0777E025d3,,,
C16,business_logic,123,9,[DELEGATECALL] 0x42ec0e..eE89.computeInterestRate(),DELEGATECALL,computeInterestRate,"0x6B175474E89094C44Da98b954EedeAC495271d0F, 4294967295 [4.294e9]",,,
C16,business_logic,124,9,[CALL] 0xe025E3..D9DC.03ddf252(),CALL,03ddf252,ad1be2c89b69c2b068fc378daa952ba7f163c4a11628f55a4df523b3ef000000000000,"Transfer(from: 0xA0b3ee897f233F385E5D61086c32685257d4f12b, to: 0x00000",,
C16,business_logic,125,9,[DELEGATECALL] 0x3297c8..31a6.requireLiquidity(),DELEGATECALL,requireLiquidity,0xA0b3ee897f233F385E5D61086c32685257d4f12b,,,
C16,business_logic,126,10,[STATICCALL] 0x6B1754..1d0F.balanceOf(),STATICCALL,balanceOf,0x27182842E098f60e3D576794A5bFFb0777E025d3,,,
C16,business_logic,127,10,[STATICCALL] 0x773616..F1f4.latestAnswer(),STATICCALL,latestAnswer,,,,
C16,business_logic,128,11,[STATICCALL] 0x158228..33FC.latestAnswer(),STATICCALL,latestAnswer,,,,
C16,business_logic,129,6,[STATICCALL] 0x6B1754..1d0F.balanceOf(),STATICCALL,balanceOf,0xA0b3ee897f233F385E5D61086c32685257d4f12b,,,
C16,business_logic,130,6,[CALL] 0x6B1754..1d0F.transfer(),CALL,transfer,"0xeBC29199C817Dc47BA12E3F86102564D640CBf99, 38904507348306697267428294","Transfer(from: 0xA0b3ee897f233F385E5D61086c32685257d4f12b, to: 0xeBC29",,
C16,business_logic,131,3,[STATICCALL] 0x6C3c78..379d.scaledTotalSupply(),STATICCALL,scaledTotalSupply,,,,
C16,business_logic,132,4,[DELEGATECALL] 0x3F87b8..3E08.scaledTotalSupply(),DELEGATECALL,scaledTotalSupply,,,,
C16,business_logic,133,3,[STATICCALL] 0x778A13..8E92.getSupplyData(),STATICCALL,getSupplyData,,,,
C16,business_logic,134,4,[DELEGATECALL] 0xD23A44..9F7c.getSupplyData(),DELEGATECALL,getSupplyData,,,,
C16,business_logic,135,3,[CALL] 0x028171..68A3.mintToTreasury(),CALL,mintToTreasury,"37049690136868391 [3.704e16], 1082430249077049159667713527 [1.082e27]",,,
C16,business_logic,136,4,[DELEGATECALL] 0x7b2a3C..7bD0.mintToTreasury(),DELEGATECALL,mintToTreasury,"37049690136868391 [3.704e16], 1082430249077049159667713527 [1.082e27]","Transfer(from: 0x0000000000000000000000000000000000000000, to: 0x464C7",,
C16,business_logic,137,5,[CALL] 0xd78492..f6b5.handleAction(),CALL,handleAction,"0x464C71f6c2F760DdA6093dCB91C24c39e5d6e18c, 41299664753652522719507018",,,
C16,business_logic,138,6,[DELEGATECALL] 0xD9ED41..CE31.handleAction(),DELEGATECALL,handleAction,"0x464C71f6c2F760DdA6093dCB91C24c39e5d6e18c, 41299664753652522719507018",,,
C16,business_logic,139,3,[STATICCALL] 0x028171..68A3.totalSupply(),STATICCALL,totalSupply,,,,
C16,business_logic,140,4,[DELEGATECALL] 0x7b2a3C..7bD0.totalSupply(),DELEGATECALL,totalSupply,,,,
C16,business_logic,141,5,[STATICCALL] 0x7d2768..c7A9.getReserveNormalizedIncome(),STATICCALL,getReserveNormalizedIncome,0x6B175474E89094C44Da98b954EedeAC495271d0F,,,
C16,business_logic,142,6,[DELEGATECALL] 0xC6845a..5baf.getReserveNormalizedIncome(),DELEGATECALL,getReserveNormalizedIncome,0x6B175474E89094C44Da98b954EedeAC495271d0F,,,
C16,business_logic,143,3,[STATICCALL] 0x778A13..8E92.getTotalSupplyAndAvgRate(),STATICCALL,getTotalSupplyAndAvgRate,,,,
C16,business_logic,144,4,[DELEGATECALL] 0xD23A44..9F7c.getTotalSupplyAndAvgRate(),DELEGATECALL,getTotalSupplyAndAvgRate,,,,
C16,business_logic,145,3,[STATICCALL] 0x6C3c78..379d.scaledTotalSupply(),STATICCALL,scaledTotalSupply,,,,
C16,business_logic,146,4,[DELEGATECALL] 0x3F87b8..3E08.scaledTotalSupply(),DELEGATECALL,scaledTotalSupply,,,,
C16,business_logic,147,3,[STATICCALL] 0x6B1754..1d0F.balanceOf(),STATICCALL,balanceOf,0x028171bCA77440897B824Ca71D1c56caC55b68A3,,,
C16,business_logic,148,3,[STATICCALL] 0xfffE32..B62a.calculateInterestRates(),STATICCALL,calculateInterestRates,"0x6B175474E89094C44Da98b954EedeAC495271d0F, 35742913337513529096027446",,,
C16,business_logic,149,4,[STATICCALL] 0xB53C1a..c8c5.getLendingRateOracle(),STATICCALL,getLendingRateOracle,,,,
C16,business_logic,150,4,[STATICCALL] 0x8A32f4..5c7D.getMarketBorrowRate(),STATICCALL,getMarketBorrowRate,0x6B175474E89094C44Da98b954EedeAC495271d0F,,,
C16,business_logic,151,3,[CALL] 0x6B1754..1d0F.transferFrom(),CALL,transferFrom,"0xeBC29199C817Dc47BA12E3F86102564D640CBf99, 0x028171bCA77440897B824Ca7","Transfer(from: 0xeBC29199C817Dc47BA12E3F86102564D640CBf99, to: 0x02817",,
C18,price_oracle_manipulation,1,0,[CALL] 0x4095F0..0077.ac9650d8(),CALL,ac9650d8,0000000000000000000000000000000000000000000000000000000000000020000000,,,
C18,price_oracle_manipulation,2,1,[DELEGATECALL] 0x4095F0..0077.approve2(),DELEGATECALL,approve2,"((0x45804880De22913dAFE09f4980848ECE6EcbAf78, 132577813003136114 [1.32",,,
C18,price_oracle_manipulation,3,2,[CALL] 0x000000..8BA3.permit(),CALL,permit,"0x02DBE46169fDf6555F2A125eEe3dce49703b13f5, ((0x45804880De22913dAFE09f","Permit(param0: 0x02DBE46169fDf6555F2A125eEe3dce49703b13f5, param1: 0x4",,
C18,price_oracle_manipulation,4,3,[STATICCALL] PRECOMPILES.ecrecover(),STATICCALL,ecrecover,"0xd13eddaf580b66fcb4f0541d760abacaaae1f9d6f9acf13c9b9ca98bf961e417, 28",,,
C18,price_oracle_manipulation,5,1,[DELEGATECALL] 0x4095F0..0077.transferFrom2(),DELEGATECALL,transferFrom2,"0x45804880De22913dAFE09f4980848ECE6EcbAf78, 132577813003136114 [1.325e",,,
C18,price_oracle_manipulation,6,2,[STATICCALL] 0x458048..Af78.balanceOf(),STATICCALL,balanceOf,0x02DBE46169fDf6555F2A125eEe3dce49703b13f5,,,
C18,price_oracle_manipulation,7,3,[DELEGATECALL] 0x74271F..e42a.balanceOf(),DELEGATECALL,balanceOf,0x02DBE46169fDf6555F2A125eEe3dce49703b13f5,,,
C18,price_oracle_manipulation,8,2,[CALL] 0x000000..8BA3.transferFrom(),CALL,transferFrom,"0x02DBE46169fDf6555F2A125eEe3dce49703b13f5, 0x4095F064B8d3c3548A3bebfd",,,
C18,price_oracle_manipulation,9,3,[CALL] 0x458048..Af78.transferFrom(),CALL,transferFrom,"0x02DBE46169fDf6555F2A125eEe3dce49703b13f5, 0x4095F064B8d3c3548A3bebfd",,,
C18,price_oracle_manipulation,10,4,[DELEGATECALL] 0x74271F..e42a.transferFrom(),DELEGATECALL,transferFrom,"0x02DBE46169fDf6555F2A125eEe3dce49703b13f5, 0x4095F064B8d3c3548A3bebfd","Transfer(from: 0x02DBE46169fDf6555F2A125eEe3dce49703b13f5, to: 0x4095F",,
C18,price_oracle_manipulation,11,1,[DELEGATECALL] 0x4095F0..0077.morphoSupplyCollateral(),DELEGATECALL,morphoSupplyCollateral,"(0xA0b86991c6218b36c1d19D4a2e9Eb0cE3606eB48, 0x45804880De22913dAFE09f4",,,
C18,price_oracle_manipulation,12,2,[STATICCALL] 0x458048..Af78.allowance(),STATICCALL,allowance,"0x4095F064B8d3c3548A3bebfd0Bbfd04750E30077, 0xBBBBBbbBBb9cC5e90e3b3Af6",,,
C18,price_oracle_manipulation,13,3,[DELEGATECALL] 0x74271F..e42a.allowance(),DELEGATECALL,allowance,"0x4095F064B8d3c3548A3bebfd0Bbfd04750E30077, 0xBBBBBbbBBb9cC5e90e3b3Af6",,,
C18,price_oracle_manipulation,14,2,[CALL] 0xBBBBBb..FFCb.supplyCollateral(),CALL,supplyCollateral,"(0xA0b86991c6218b36c1d19D4a2e9Eb0cE3606eB48, 0x45804880De22913dAFE09f4",topic 0: 0xa3b9472a1399e17e123f3c2e6586c23e504184d504de59cdaa2b375e880,,
C18,price_oracle_manipulation,15,3,[CALL] 0x4095F0..0077.onMorphoSupplyCollateral(),CALL,onMorphoSupplyCollateral,"132577813003136114 [1.325e17], 0x0000000000000000000000000000000000000",,,
C18,price_oracle_manipulation,16,3,[CALL] 0x458048..Af78.transferFrom(),CALL,transferFrom,"0x4095F064B8d3c3548A3bebfd0Bbfd04750E30077, 0xBBBBBbbBBb9cC5e90e3b3Af6",,,
C18,price_oracle_manipulation,17,4,[DELEGATECALL] 0x74271F..e42a.transferFrom(),DELEGATECALL,transferFrom,"0x4095F064B8d3c3548A3bebfd0Bbfd04750E30077, 0xBBBBBbbBBb9cC5e90e3b3Af6","Transfer(from: 0x4095F064B8d3c3548A3bebfd0Bbfd04750E30077, to: 0xBBBBB",,
C18,price_oracle_manipulation,18,1,[DELEGATECALL] 0x4095F0..0077.morphoSetAuthorizationWithSig(),DELEGATECALL,morphoSetAuthorizationWithSig,"(0x02DBE46169fDf6555F2A125eEe3dce49703b13f5, 0x4095F064B8d3c3548A3bebf",,,
C18,price_oracle_manipulation,19,2,[CALL] 0xBBBBBb..FFCb.setAuthorizationWithSig(),CALL,setAuthorizationWithSig,"(0x02DBE46169fDf6555F2A125eEe3dce49703b13f5, 0x4095F064B8d3c3548A3bebf","IncrementNonce(param0: 0x4095F064B8d3c3548A3bebfd0Bbfd04750E30077, par",,
C18,price_oracle_manipulation,20,3,[STATICCALL] PRECOMPILES.ecrecover(),STATICCALL,ecrecover,"0xe138aff9dada42370e22c40d73354fd694cb4e67fabbe5808d6317dc0a22dc72, 27",,,
C18,price_oracle_manipulation,21,1,[DELEGATECALL] 0x4095F0..0077.morphoBorrow(),DELEGATECALL,morphoBorrow,"(0xA0b86991c6218b36c1d19D4a2e9Eb0cE3606eB48, 0x45804880De22913dAFE09f4",,,
C18,price_oracle_manipulation,22,2,[CALL] 0xBBBBBb..FFCb.borrow(),CALL,borrow,"(0xA0b86991c6218b36c1d19D4a2e9Eb0cE3606eB48, 0x45804880De22913dAFE09f4",topic 0: 0x9d9bd501d0657d7dfe415f779a620a62b78bc508ddc0891fbbd8b7ac0f8,,
C18,price_oracle_manipulation,23,3,[CALL] 0x870aC1..00BC.borrowRate(),CALL,borrowRate,"(0xA0b86991c6218b36c1d19D4a2e9Eb0cE3606eB48, 0x45804880De22913dAFE09f4",topic 0: 0x7120161a7b3d31251e01294ab351ef15a41b91659a36032e4641bb89b12,,
C18,price_oracle_manipulation,24,3,[STATICCALL] 0xDd1778..1101.price(),STATICCALL,price,,,,
C18,price_oracle_manipulation,25,4,[STATICCALL] 0x7C4561..Ac0c.latestRoundData(),STATICCALL,latestRoundData,,,,
C18,price_oracle_manipulation,26,5,[STATICCALL] 0x4305FB..69C6.getPriceUnsafe(),STATICCALL,getPriceUnsafe,0x273717b49430906f4b0c230e99aa1007f83758e3199edbc887c0d06c3e332494,,,
C18,price_oracle_manipulation,27,6,[DELEGATECALL] 0xDd24F8..bd21.getPriceUnsafe(),DELEGATECALL,getPriceUnsafe,0x273717b49430906f4b0c230e99aa1007f83758e3199edbc887c0d06c3e332494,,,
C18,price_oracle_manipulation,28,4,[STATICCALL] 0xC57744..488D.latestRoundData(),STATICCALL,latestRoundData,,,,
C18,price_oracle_manipulation,29,5,[STATICCALL] 0x4305FB..69C6.getPriceUnsafe(),STATICCALL,getPriceUnsafe,0xeaa020c61cc479712813461ce153894a96a6c00b21ed0cfc2798d1f9a9e9c94a,,,
C18,price_oracle_manipulation,30,6,[DELEGATECALL] 0xDd24F8..bd21.getPriceUnsafe(),DELEGATECALL,getPriceUnsafe,0xeaa020c61cc479712813461ce153894a96a6c00b21ed0cfc2798d1f9a9e9c94a,,,
C18,price_oracle_manipulation,31,3,[CALL] 0xA0b869..eB48.transfer(),CALL,transfer,"0x02DBE46169fDf6555F2A125eEe3dce49703b13f5, 230002486670 [2.3e11]",,,
C18,price_oracle_manipulation,32,4,[DELEGATECALL] 0x435068..02dd.transfer(),DELEGATECALL,transfer,"0x02DBE46169fDf6555F2A125eEe3dce49703b13f5, 230002486670 [2.3e11]","Transfer(from: 0xBBBBBbbBBb9cC5e90e3b3Af64bdAF62C37EEFFCb, to: 0x02DBE",,
C24,reentrancy,1,0,[CALL] 0x8d4dE2..D12a.e8b00990() value=600000000000000000,CALL,e8b00990,,,,
C24,reentrancy,2,1,[CALL] 0x52d69c..dBD6.makeBid() value=294000000000000000,CALL,makeBid,,,,
C24,reentrancy,3,2,[CALL] 0x1298EF..9B80.receive() value=3675000000000001,CALL,receive,,,,
C24,reentrancy,4,1,[STATICCALL] 0x52d69c..dBD6.newBidEtherMin(),STATICCALL,newBidEtherMin,,,,
C24,reentrancy,5,1,[CALL] 0x52d69c..dBD6.makeBid() value=14700000000000001,CALL,makeBid,,,,
C24,reentrancy,6,2,[CALL] 0x8d4dE2..D12a.receive() value=294000000000000000,CALL,receive,,,,
C24,reentrancy,7,3,[STATICCALL] 0x52d69c..dBD6.newBidEtherMin(),STATICCALL,newBidEtherMin,,,,
C24,reentrancy,8,3,[CALL] 0x52d69c..dBD6.makeBid() value=14700000000000001,CALL,makeBid,,,,
C24,reentrancy,9,4,[CALL] 0x8d4dE2..D12a.receive() value=294000000000000000,CALL,receive,,,,
C24,reentrancy,10,5,[STATICCALL] 0x52d69c..dBD6.newBidEtherMin(),STATICCALL,newBidEtherMin,,,,
C24,reentrancy,11,5,[CALL] 0x52d69c..dBD6.makeBid() value=14700000000000001,CALL,makeBid,,,,
C24,reentrancy,12,6,[CALL] 0x8d4dE2..D12a.receive() value=294000000000000000,CALL,receive,,,,
C24,reentrancy,13,7,[STATICCALL] 0x52d69c..dBD6.newBidEtherMin(),STATICCALL,newBidEtherMin,,,,
C24,reentrancy,14,7,[CALL] 0x52d69c..dBD6.makeBid() value=14700000000000001,CALL,makeBid,,,,
C24,reentrancy,15,8,[CALL] 0x8d4dE2..D12a.receive() value=294000000000000000,CALL,receive,,,,
C24,reentrancy,16,9,[STATICCALL] 0x52d69c..dBD6.newBidEtherMin(),STATICCALL,newBidEtherMin,,,,
C24,reentrancy,17,9,[CALL] 0x52d69c..dBD6.makeBid() value=14700000000000001,CALL,makeBid,,,,
C24,reentrancy,18,10,[CALL] 0x8d4dE2..D12a.receive() value=294000000000000000,CALL,receive,,,,
C24,reentrancy,19,11,[STATICCALL] 0x52d69c..dBD6.newBidEtherMin(),STATICCALL,newBidEtherMin,,,,
C24,reentrancy,20,11,[CALL] 0x52d69c..dBD6.makeBid() value=14700000000000001,CALL,makeBid,,,,
C24,reentrancy,21,12,[CALL] 0x8d4dE2..D12a.receive() value=294000000000000000,CALL,receive,,,,
C24,reentrancy,22,13,[STATICCALL] 0x52d69c..dBD6.newBidEtherMin(),STATICCALL,newBidEtherMin,,,,
C24,reentrancy,23,13,[CALL] 0x52d69c..dBD6.makeBid() value=14700000000000001,CALL,makeBid,,,,
C24,reentrancy,24,14,[CALL] 0x8d4dE2..D12a.receive() value=294000000000000000,CALL,receive,,,,
C24,reentrancy,25,15,[STATICCALL] 0x52d69c..dBD6.newBidEtherMin(),STATICCALL,newBidEtherMin,,,,
C24,reentrancy,26,15,[CALL] 0x52d69c..dBD6.makeBid() value=14700000000000001,CALL,makeBid,,,,
C24,reentrancy,27,16,[CALL] 0x8d4dE2..D12a.receive() value=294000000000000000,CALL,receive,,,,
C24,reentrancy,28,17,[STATICCALL] 0x52d69c..dBD6.newBidEtherMin(),STATICCALL,newBidEtherMin,,,,
C24,reentrancy,29,17,[CALL] 0x52d69c..dBD6.makeBid() value=14700000000000001,CALL,makeBid,,,,
C24,reentrancy,30,18,[CALL] 0x8d4dE2..D12a.receive() value=294000000000000000,CALL,receive,,,,
C24,reentrancy,31,19,[STATICCALL] 0x52d69c..dBD6.newBidEtherMin(),STATICCALL,newBidEtherMin,,,,
C24,reentrancy,32,19,[CALL] 0x52d69c..dBD6.makeBid() value=14700000000000001,CALL,makeBid,,,,
C24,reentrancy,33,20,[CALL] 0x8d4dE2..D12a.receive() value=294000000000000000,CALL,receive,,,,
C24,reentrancy,34,21,[STATICCALL] 0x52d69c..dBD6.newBidEtherMin(),STATICCALL,newBidEtherMin,,,,
C24,reentrancy,35,21,[CALL] 0x52d69c..dBD6.makeBid() value=14700000000000001,CALL,makeBid,,,,
C24,reentrancy,36,22,[CALL] 0x8d4dE2..D12a.receive() value=294000000000000000,CALL,receive,,,,
C24,reentrancy,37,23,[STATICCALL] 0x52d69c..dBD6.newBidEtherMin(),STATICCALL,newBidEtherMin,,,,
C24,reentrancy,38,23,[CALL] 0x52d69c..dBD6.makeBid() value=14700000000000001,CALL,makeBid,,,,
C24,reentrancy,39,24,[CALL] 0x8d4dE2..D12a.receive() value=294000000000000000,CALL,receive,,,,
C24,reentrancy,40,25,[STATICCALL] 0x52d69c..dBD6.newBidEtherMin(),STATICCALL,newBidEtherMin,,,,
C24,reentrancy,41,25,[CALL] 0x52d69c..dBD6.makeBid() value=14700000000000001,CALL,makeBid,,,,
C24,reentrancy,42,26,[CALL] 0x8d4dE2..D12a.receive() value=294000000000000000,CALL,receive,,,,
C24,reentrancy,43,27,[STATICCALL] 0x52d69c..dBD6.newBidEtherMin(),STATICCALL,newBidEtherMin,,,,
C24,reentrancy,44,27,[CALL] 0x52d69c..dBD6.makeBid() value=14700000000000001,CALL,makeBid,,,,
C24,reentrancy,45,28,[CALL] 0x8d4dE2..D12a.receive() value=294000000000000000,CALL,receive,,,,
C24,reentrancy,46,29,[STATICCALL] 0x52d69c..dBD6.newBidEtherMin(),STATICCALL,newBidEtherMin,,,,
C24,reentrancy,47,29,[CALL] 0x52d69c..dBD6.makeBid() value=14700000000000001,CALL,makeBid,,,,
C24,reentrancy,48,30,[CALL] 0x8d4dE2..D12a.receive() value=294000000000000000,CALL,receive,,,,
C24,reentrancy,49,31,[STATICCALL] 0x52d69c..dBD6.newBidEtherMin(),STATICCALL,newBidEtherMin,,,,
C24,reentrancy,50,31,[CALL] 0x52d69c..dBD6.makeBid() value=14700000000000001,CALL,makeBid,,,,
C24,reentrancy,51,32,[CALL] 0x8d4dE2..D12a.receive() value=294000000000000000,CALL,receive,,,,
C24,reentrancy,52,33,[STATICCALL] 0x52d69c..dBD6.newBidEtherMin(),STATICCALL,newBidEtherMin,,,,
C24,reentrancy,53,33,[CALL] 0x52d69c..dBD6.makeBid() value=14700000000000001,CALL,makeBid,,,,
C24,reentrancy,54,34,[CALL] 0x8d4dE2..D12a.receive() value=294000000000000000,CALL,receive,,,,
C24,reentrancy,55,35,[STATICCALL] 0x52d69c..dBD6.newBidEtherMin(),STATICCALL,newBidEtherMin,,,,
C24,reentrancy,56,35,[CALL] 0x52d69c..dBD6.makeBid() value=14700000000000001,CALL,makeBid,,,,
C24,reentrancy,57,36,[CALL] 0x8d4dE2..D12a.receive() value=294000000000000000,CALL,receive,,,,
C24,reentrancy,58,37,[STATICCALL] 0x52d69c..dBD6.newBidEtherMin(),STATICCALL,newBidEtherMin,,,,
C24,reentrancy,59,37,[CALL] 0x52d69c..dBD6.makeBid() value=14700000000000001,CALL,makeBid,,,,
C24,reentrancy,60,38,[CALL] 0x8d4dE2..D12a.receive() value=294000000000000000,CALL,receive,,,,
C24,reentrancy,61,39,[STATICCALL] 0x52d69c..dBD6.newBidEtherMin(),STATICCALL,newBidEtherMin,,,,
C24,reentrancy,62,39,[CALL] 0x52d69c..dBD6.makeBid() value=14700000000000001,CALL,makeBid,,,,
C24,reentrancy,63,40,[CALL] 0x8d4dE2..D12a.receive() value=294000000000000000,CALL,receive,,,,
C24,reentrancy,64,41,[STATICCALL] 0x52d69c..dBD6.newBidEtherMin(),STATICCALL,newBidEtherMin,,,,
C24,reentrancy,65,41,[CALL] 0x52d69c..dBD6.makeBid() value=14700000000000001,CALL,makeBid,,,,
C24,reentrancy,66,42,[CALL] 0x8d4dE2..D12a.receive() value=294000000000000000,CALL,receive,,,,
C24,reentrancy,67,43,[STATICCALL] 0x52d69c..dBD6.newBidEtherMin(),STATICCALL,newBidEtherMin,,,,
C24,reentrancy,68,43,[CALL] 0x52d69c..dBD6.makeBid() value=14700000000000001,CALL,makeBid,,,,
C24,reentrancy,69,44,[CALL] 0x8d4dE2..D12a.receive() value=294000000000000000,CALL,receive,,,,
C24,reentrancy,70,45,[STATICCALL] 0x52d69c..dBD6.newBidEtherMin(),STATICCALL,newBidEtherMin,,,,
C24,reentrancy,71,45,[CALL] 0x52d69c..dBD6.makeBid() value=14700000000000001,CALL,makeBid,,,,
C24,reentrancy,72,46,[CALL] 0x8d4dE2..D12a.receive() value=294000000000000000,CALL,receive,,,,
C24,reentrancy,73,47,[STATICCALL] 0x52d69c..dBD6.newBidEtherMin(),STATICCALL,newBidEtherMin,,,,
C24,reentrancy,74,47,[CALL] 0x52d69c..dBD6.makeBid() value=14700000000000001,CALL,makeBid,,,,
C24,reentrancy,75,48,[CALL] 0x8d4dE2..D12a.receive() value=294000000000000000,CALL,receive,,,,
C24,reentrancy,76,49,[STATICCALL] 0x52d69c..dBD6.newBidEtherMin(),STATICCALL,newBidEtherMin,,,,
C24,reentrancy,77,49,[CALL] 0x52d69c..dBD6.makeBid() value=14700000000000001,CALL,makeBid,,,,
C24,reentrancy,78,50,[CALL] 0x8d4dE2..D12a.receive() value=294000000000000000,CALL,receive,,,,
C24,reentrancy,79,51,[STATICCALL] 0x52d69c..dBD6.newBidEtherMin(),STATICCALL,newBidEtherMin,,,,
C24,reentrancy,80,51,[CALL] 0x52d69c..dBD6.makeBid() value=14700000000000001,CALL,makeBid,,,,
C24,reentrancy,81,52,[CALL] 0x8d4dE2..D12a.receive() value=294000000000000000,CALL,receive,,,,
C24,reentrancy,82,53,[STATICCALL] 0x52d69c..dBD6.newBidEtherMin(),STATICCALL,newBidEtherMin,,,,
C24,reentrancy,83,53,[CALL] 0x52d69c..dBD6.makeBid() value=14700000000000001,CALL,makeBid,,,,
C24,reentrancy,84,54,[CALL] 0x8d4dE2..D12a.receive() value=294000000000000000,CALL,receive,,,,
C24,reentrancy,85,55,[STATICCALL] 0x52d69c..dBD6.newBidEtherMin(),STATICCALL,newBidEtherMin,,,,
C24,reentrancy,86,55,[CALL] 0x52d69c..dBD6.makeBid() value=14700000000000001,CALL,makeBid,,,,
C24,reentrancy,87,56,[CALL] 0x8d4dE2..D12a.receive() value=294000000000000000,CALL,receive,,,,
C24,reentrancy,88,57,[STATICCALL] 0x52d69c..dBD6.newBidEtherMin(),STATICCALL,newBidEtherMin,,,,
C24,reentrancy,89,57,[CALL] 0x52d69c..dBD6.makeBid() value=14700000000000001,CALL,makeBid,,,,
C24,reentrancy,90,58,[CALL] 0x8d4dE2..D12a.receive() value=294000000000000000,CALL,receive,,,,
C24,reentrancy,91,59,[STATICCALL] 0x52d69c..dBD6.newBidEtherMin(),STATICCALL,newBidEtherMin,,,,
C24,reentrancy,92,59,[CALL] 0x52d69c..dBD6.makeBid() value=14700000000000001,CALL,makeBid,,,,
C24,reentrancy,93,60,[CALL] 0x8d4dE2..D12a.receive() value=294000000000000000,CALL,receive,,,,
C24,reentrancy,94,61,[STATICCALL] 0x52d69c..dBD6.newBidEtherMin(),STATICCALL,newBidEtherMin,,,,
C24,reentrancy,95,61,[CALL] 0x52d69c..dBD6.makeBid() value=14700000000000001,CALL,makeBid,,,,
C24,reentrancy,96,62,[CALL] 0x8d4dE2..D12a.receive() value=294000000000000000,CALL,receive,,,,
C24,reentrancy,97,63,[STATICCALL] 0x52d69c..dBD6.newBidEtherMin(),STATICCALL,newBidEtherMin,,,,
C24,reentrancy,98,63,[CALL] 0x52d69c..dBD6.makeBid() value=14700000000000001,CALL,makeBid,,,,
C24,reentrancy,99,64,[CALL] 0x8d4dE2..D12a.receive() value=294000000000000000,CALL,receive,,,,
C24,reentrancy,100,65,[STATICCALL] 0x52d69c..dBD6.newBidEtherMin(),STATICCALL,newBidEtherMin,,,,
C24,reentrancy,101,65,[CALL] 0x52d69c..dBD6.makeBid() value=14700000000000001,CALL,makeBid,,,,
C24,reentrancy,102,66,[CALL] 0x8d4dE2..D12a.receive() value=294000000000000000,CALL,receive,,,,
C24,reentrancy,103,67,[STATICCALL] 0x52d69c..dBD6.newBidEtherMin(),STATICCALL,newBidEtherMin,,,,
C24,reentrancy,104,67,[CALL] 0x52d69c..dBD6.makeBid() value=14700000000000001,CALL,makeBid,,,,
C24,reentrancy,105,68,[CALL] 0x8d4dE2..D12a.receive() value=294000000000000000,CALL,receive,,,,
C24,reentrancy,106,69,[STATICCALL] 0x52d69c..dBD6.newBidEtherMin(),STATICCALL,newBidEtherMin,,,,
C24,reentrancy,107,69,[CALL] 0x52d69c..dBD6.makeBid() value=14700000000000001,CALL,makeBid,,,,
C24,reentrancy,108,70,[CALL] 0x8d4dE2..D12a.receive() value=294000000000000000,CALL,receive,,,,
C24,reentrancy,109,71,[STATICCALL] 0x52d69c..dBD6.newBidEtherMin(),STATICCALL,newBidEtherMin,,,,
C24,reentrancy,110,71,[CALL] 0x52d69c..dBD6.makeBid() value=14700000000000001,CALL,makeBid,,,,
C24,reentrancy,111,72,[CALL] 0x8d4dE2..D12a.receive() value=294000000000000000,CALL,receive,,,,
C24,reentrancy,112,73,[STATICCALL] 0x52d69c..dBD6.newBidEtherMin(),STATICCALL,newBidEtherMin,,,,
C24,reentrancy,113,73,[CALL] 0x52d69c..dBD6.makeBid() value=14700000000000001,CALL,makeBid,,,,
C24,reentrancy,114,74,[CALL] 0x8d4dE2..D12a.receive() value=294000000000000000,CALL,receive,,,,
C24,reentrancy,115,75,[STATICCALL] 0x52d69c..dBD6.newBidEtherMin(),STATICCALL,newBidEtherMin,,,,
C24,reentrancy,116,75,[CALL] 0x52d69c..dBD6.makeBid() value=14700000000000001,CALL,makeBid,,,,
C24,reentrancy,117,76,[CALL] 0x8d4dE2..D12a.receive() value=294000000000000000,CALL,receive,,,,
C24,reentrancy,118,77,[STATICCALL] 0x52d69c..dBD6.newBidEtherMin(),STATICCALL,newBidEtherMin,,,,
C24,reentrancy,119,77,[CALL] 0x52d69c..dBD6.makeBid() value=14700000000000001,CALL,makeBid,,,,
C24,reentrancy,120,78,[CALL] 0x8d4dE2..D12a.receive() value=294000000000000000,CALL,receive,,,,
C24,reentrancy,121,79,[STATICCALL] 0x52d69c..dBD6.newBidEtherMin(),STATICCALL,newBidEtherMin,,,,
C24,reentrancy,122,79,[CALL] 0x52d69c..dBD6.makeBid() value=14700000000000001,CALL,makeBid,,,,
C24,reentrancy,123,80,[CALL] 0x8d4dE2..D12a.receive() value=294000000000000000,CALL,receive,,,,
C24,reentrancy,124,81,[STATICCALL] 0x52d69c..dBD6.newBidEtherMin(),STATICCALL,newBidEtherMin,,,,
C24,reentrancy,125,81,[CALL] 0x52d69c..dBD6.makeBid() value=14700000000000001,CALL,makeBid,,,,
C24,reentrancy,126,82,[CALL] 0x8d4dE2..D12a.receive() value=294000000000000000,CALL,receive,,,,
C24,reentrancy,127,1,[CALL] 0x145766..5A0B.receive() value=11760974999999999960,CALL,receive,,,,
C28,token_specific,1,0,[CALL] 0x000000..7d00.56603732(),CALL,56603732,00000000000747d525e898424e8774f7eb317d000000000000f4991200000000000000,,,
C28,token_specific,2,1,[CALL] 0x000000..7d00.28b5e32b(),CALL,28b5e32b,00a68cce4d90302b728ad60a0fd7bac7737cd3545f0024ef78cabc0000000000000000,,,
C28,token_specific,3,2,[CALL] 0xa68ccE..545F.ef78cabc(),CALL,ef78cabc,00000000000000000000000078ac2624a2cd193e8defe9f39a9528e8bd4a368c,,,
C28,token_specific,4,3,[STATICCALL] 0x3496B5..3079.balanceOf(),STATICCALL,balanceOf,0x78AC2624a2Cd193E8dEfE9F39A9528e8bd4a368c,,,
C28,token_specific,5,4,[DELEGATECALL] 0xd39015..888c.balanceOf(),DELEGATECALL,balanceOf,0x78AC2624a2Cd193E8dEfE9F39A9528e8bd4a368c,,,
C28,token_specific,6,3,[STATICCALL] 0x3496B5..3079.allowance(),STATICCALL,allowance,"0x78AC2624a2Cd193E8dEfE9F39A9528e8bd4a368c, 0x765277EebeCA2e31912C9946",,,
C28,token_specific,7,4,[DELEGATECALL] 0xd39015..888c.allowance(),DELEGATECALL,allowance,"0x78AC2624a2Cd193E8dEfE9F39A9528e8bd4a368c, 0x765277EebeCA2e31912C9946",,,
C28,token_specific,8,3,[CALL] 0x765277..9C61.anySwapOutUnderlyingWithPermit(),CALL,anySwapOutUnderlyingWithPermit,"0x78AC2624a2Cd193E8dEfE9F39A9528e8bd4a368c, 0xa68ccE4D90302B728aD60A0f","LogAnySwapOut(param0: 0xa68ccE4D90302B728aD60A0fD7baC7737cD3545F, para",,
C28,token_specific,9,4,[STATICCALL] 0xa68ccE..545F.underlying(),STATICCALL,underlying,,,,
C28,token_specific,10,4,[CALL] 0x3496B5..3079.permit(),CALL,permit,"0x78AC2624a2Cd193E8dEfE9F39A9528e8bd4a368c, 0x765277EebeCA2e31912C9946",,,
C28,token_specific,11,5,[DELEGATECALL] 0xd39015..888c.permit(),DELEGATECALL,permit,"0x78AC2624a2Cd193E8dEfE9F39A9528e8bd4a368c, 0x765277EebeCA2e31912C9946",,,
C28,token_specific,12,4,[CALL] 0x3496B5..3079.transferFrom(),CALL,transferFrom,"0x78AC2624a2Cd193E8dEfE9F39A9528e8bd4a368c, 0xa68ccE4D90302B728aD60A0f",,,
C28,token_specific,13,5,[DELEGATECALL] 0xd39015..888c.transferFrom(),DELEGATECALL,transferFrom,"0x78AC2624a2Cd193E8dEfE9F39A9528e8bd4a368c, 0xa68ccE4D90302B728aD60A0f","Transfer(from: 0x78AC2624a2Cd193E8dEfE9F39A9528e8bd4a368c, to: 0xa68cc",,
C28,token_specific,14,4,[CALL] 0xa68ccE..545F.depositVault(),CALL,depositVault,"557754450001980916242788 [5.577e23], 0x78AC2624a2Cd193E8dEfE9F39A9528e",,,
C28,token_specific,15,4,[CALL] 0xa68ccE..545F.burn(),CALL,burn,"0x78AC2624a2Cd193E8dEfE9F39A9528e8bd4a368c, 557754450001980916242788 [",,,
C28,token_specific,16,3,[STATICCALL] 0x3496B5..3079.balanceOf(),STATICCALL,balanceOf,0xa68ccE4D90302B728aD60A0fD7baC7737cD3545F,,,
C28,token_specific,17,4,[DELEGATECALL] 0xd39015..888c.balanceOf(),DELEGATECALL,balanceOf,0xa68ccE4D90302B728aD60A0fD7baC7737cD3545F,,,
C28,token_specific,18,3,[CALL] 0x3496B5..3079.transfer(),CALL,transfer,"0x68b3465833fb72A70ecDF485E0e4C7bD8665Fc45, 557754450001980916242788 [",,,
C28,token_specific,19,4,[DELEGATECALL] 0xd39015..888c.transfer(),DELEGATECALL,transfer,"0x68b3465833fb72A70ecDF485E0e4C7bD8665Fc45, 557754450001980916242788 [","Transfer(from: 0xa68ccE4D90302B728aD60A0fD7baC7737cD3545F, to: 0x68b34",,
C28,token_specific,20,5,[CALL] 0x68b346..Fc45.onTokenTransfer(),CALL,onTokenTransfer,"0xa68ccE4D90302B728aD60A0fD7baC7737cD3545F, 557754450001980916242788 [",,,
C28,token_specific,21,3,[CALL] 0x68b346..Fc45.swapExactTokensForTokens(),CALL,swapExactTokensForTokens,"0, 0, [0x3496B523e5C00a4b4150D6721320CdDb234c3079, 0xA0b86991c6218b36c",,,
C28,token_specific,22,4,[STATICCALL] 0x3496B5..3079.balanceOf(),STATICCALL,balanceOf,0x68b3465833fb72A70ecDF485E0e4C7bD8665Fc45,,,
C28,token_specific,23,5,[DELEGATECALL] 0xd39015..888c.balanceOf(),DELEGATECALL,balanceOf,0x68b3465833fb72A70ecDF485E0e4C7bD8665Fc45,,,
C28,token_specific,24,4,[CALL] 0x3496B5..3079.transfer(),CALL,transfer,"0x22527f92f43Dc8bEa6387CE40B87EbAa21f51Df3, 557754450001980916242788 [",,,
C28,token_specific,25,5,[DELEGATECALL] 0xd39015..888c.transfer(),DELEGATECALL,transfer,"0x22527f92f43Dc8bEa6387CE40B87EbAa21f51Df3, 557754450001980916242788 [","Transfer(from: 0x68b3465833fb72A70ecDF485E0e4C7bD8665Fc45, to: 0x22527",,
C28,token_specific,26,6,[CALL] 0x22527f..1Df3.onTokenTransfer(),CALL,onTokenTransfer,"0x68b3465833fb72A70ecDF485E0e4C7bD8665Fc45, 557754450001980916242788 [",,,
C28,token_specific,27,4,[STATICCALL] 0xA0b869..eB48.balanceOf(),STATICCALL,balanceOf,0x68b3465833fb72A70ecDF485E0e4C7bD8665Fc45,,,
C28,token_specific,28,5,[DELEGATECALL] 0xa2327a..bDCF.balanceOf(),DELEGATECALL,balanceOf,0x68b3465833fb72A70ecDF485E0e4C7bD8665Fc45,,,
C28,token_specific,29,4,[STATICCALL] 0x22527f..1Df3.getReserves(),STATICCALL,getReserves,,,,
C28,token_specific,30,4,[STATICCALL] 0x3496B5..3079.balanceOf(),STATICCALL,balanceOf,0x22527f92f43Dc8bEa6387CE40B87EbAa21f51Df3,,,
C28,token_specific,31,5,[DELEGATECALL] 0xd39015..888c.balanceOf(),DELEGATECALL,balanceOf,0x22527f92f43Dc8bEa6387CE40B87EbAa21f51Df3,,,
C28,token_specific,32,4,[CALL] 0x22527f..1Df3.swap(),CALL,swap,"0, 13822280101 [1.382e10], 0x68b3465833fb72A70ecDF485E0e4C7bD8665Fc45,","Sync(: 5029730437889863353567699 [5.029e24], : 111158057843 [1.111e11]",,
C28,token_specific,33,5,[CALL] 0xA0b869..eB48.transfer(),CALL,transfer,"0x68b3465833fb72A70ecDF485E0e4C7bD8665Fc45, 13822280101 [1.382e10]",,,
C28,token_specific,34,6,[DELEGATECALL] 0xa2327a..bDCF.transfer(),DELEGATECALL,transfer,"0x68b3465833fb72A70ecDF485E0e4C7bD8665Fc45, 13822280101 [1.382e10]","Transfer(from: 0x22527f92f43Dc8bEa6387CE40B87EbAa21f51Df3, to: 0x68b34",,
C28,token_specific,35,5,[STATICCALL] 0x3496B5..3079.balanceOf(),STATICCALL,balanceOf,0x22527f92f43Dc8bEa6387CE40B87EbAa21f51Df3,,,
C28,token_specific,36,6,[DELEGATECALL] 0xd39015..888c.balanceOf(),DELEGATECALL,balanceOf,0x22527f92f43Dc8bEa6387CE40B87EbAa21f51Df3,,,
C28,token_specific,37,5,[STATICCALL] 0xA0b869..eB48.balanceOf(),STATICCALL,balanceOf,0x22527f92f43Dc8bEa6387CE40B87EbAa21f51Df3,,,
C28,token_specific,38,6,[DELEGATECALL] 0xa2327a..bDCF.balanceOf(),DELEGATECALL,balanceOf,0x22527f92f43Dc8bEa6387CE40B87EbAa21f51Df3,,,
C28,token_specific,39,4,[STATICCALL] 0xA0b869..eB48.balanceOf(),STATICCALL,balanceOf,0x68b3465833fb72A70ecDF485E0e4C7bD8665Fc45,,,
C28,token_specific,40,5,[DELEGATECALL] 0xa2327a..bDCF.balanceOf(),DELEGATECALL,balanceOf,0x68b3465833fb72A70ecDF485E0e4C7bD8665Fc45,,,
C28,token_specific,41,3,[CALL] 0x68b346..Fc45.exactInputSingle(),CALL,exactInputSingle,"(0xA0b86991c6218b36c1d19D4a2e9Eb0cE3606eB48, 0xC02aaA39b223FE8D0A0e5C4",,,
C28,token_specific,42,4,[STATICCALL] 0xA0b869..eB48.balanceOf(),STATICCALL,balanceOf,0x68b3465833fb72A70ecDF485E0e4C7bD8665Fc45,,,
C28,token_specific,43,5,[DELEGATECALL] 0xa2327a..bDCF.balanceOf(),DELEGATECALL,balanceOf,0x68b3465833fb72A70ecDF485E0e4C7bD8665Fc45,,,
C28,token_specific,44,4,[CALL] 0x88e6A0..5640.swap(),CALL,swap,"0xa68ccE4D90302B728aD60A0fD7baC7737cD3545F, true, 13822280101 [1.382e1","Swap(param0: 0x68b3465833fb72A70ecDF485E0e4C7bD8665Fc45, param1: 0xa68",,
C28,token_specific,45,5,[CALL] 0xC02aaA..6Cc2.transfer(),CALL,transfer,"0xa68ccE4D90302B728aD60A0fD7baC7737cD3545F, 11925388884037488410 [1.19","Transfer(from: 0x88e6A0c2dDD26FEEb64F039a2c41296FcB3f5640, to: 0xa68cc",,
C28,token_specific,46,5,[STATICCALL] 0xA0b869..eB48.balanceOf(),STATICCALL,balanceOf,0x88e6A0c2dDD26FEEb64F039a2c41296FcB3f5640,,,
C28,token_specific,47,6,[DELEGATECALL] 0xa2327a..bDCF.balanceOf(),DELEGATECALL,balanceOf,0x88e6A0c2dDD26FEEb64F039a2c41296FcB3f5640,,,
C28,token_specific,48,5,[CALL] 0x68b346..Fc45.uniswapV3SwapCallback(),CALL,uniswapV3SwapCallback,"13822280101 [1.382e10], -11925388884037488410 [-1.192e19], 0x000000000",,,
C28,token_specific,49,6,[CALL] 0xA0b869..eB48.transfer(),CALL,transfer,"0x88e6A0c2dDD26FEEb64F039a2c41296FcB3f5640, 13822280101 [1.382e10]",,,
C28,token_specific,50,7,[DELEGATECALL] 0xa2327a..bDCF.transfer(),DELEGATECALL,transfer,"0x88e6A0c2dDD26FEEb64F039a2c41296FcB3f5640, 13822280101 [1.382e10]","Transfer(from: 0x68b3465833fb72A70ecDF485E0e4C7bD8665Fc45, to: 0x88e6A",,
C28,token_specific,51,5,[STATICCALL] 0xA0b869..eB48.balanceOf(),STATICCALL,balanceOf,0x88e6A0c2dDD26FEEb64F039a2c41296FcB3f5640,,,
C28,token_specific,52,6,[DELEGATECALL] 0xa2327a..bDCF.balanceOf(),DELEGATECALL,balanceOf,0x88e6A0c2dDD26FEEb64F039a2c41296FcB3f5640,,,
C28,token_specific,53,3,[STATICCALL] 0xC02aaA..6Cc2.balanceOf(),STATICCALL,balanceOf,0xa68ccE4D90302B728aD60A0fD7baC7737cD3545F,,,
C28,token_specific,54,3,[CALL] 0xC02aaA..6Cc2.withdraw(),CALL,withdraw,11925388884037488410 [1.192e19],"Withdrawal(param0: 0xa68ccE4D90302B728aD60A0fD7baC7737cD3545F, param1:",,
C28,token_specific,55,4,[CALL] 0xa68ccE..545F.receive() value=11925388884037488410,CALL,receive,,,,
C28,token_specific,56,3,[CALL] 0x000000..7d00.receive() value=11925388884037488410,CALL,receive,,,,
C28,token_specific,57,1,[CALL] 0x690B9A..C990.receive() value=10091424440903924264,CALL,receive,,,,
C28,token_specific,58,1,[CALL] 0xb792FA..9b30.receive() value=1833964443133564146,CALL,receive,,,,
